Player Name,Position,Club Name,Age, Weekly Salary ,Matches Played,Minutes Played,Yellow Cards,Red Cards ,Shots,Shots per 90,Tackles Made,Tackles Won,Times Team Pressed Opposition,Blocks ,Interceptions,Clearances,Fouls Commited,Fouls Drawn,Loose Balls Recovered,Aerial Battles Won %,Goal Creation per 90,Fully Completed Matches,Touches,Successful Dribbles,Attempted Dribbles,Distance Ran,Distance Covered With Ball,Times Dispossessed,Passes Received,Total Injuries,Minor Injuries,Moderate Injuries,Serious Injuries,COVID-19
Max Aarons,DF,Norwich City,21,"£22,500.00 ",34,2881,8,0,13,0.41,69,37,434,86,56,70,31,59,177,22.7,0.16,29,1855,33,78,6382,3893,30,1037,0,0,0,0,0
Rayan Ait Nouri,DF,Wolves,20,"£4,423.00 ",23,1828,4,0,13,0.64,76,43,402,34,38,32,20,23,135,51.3,0.3,17,1281,40,73,3704,2300,32,729,2,0,2,0,0
Kristoffer Ajer,DF,Brentford,23,"£22,115.00 ",24,1995,5,0,7,0.32,40,22,206,36,49,81,18,19,186,62.4,0.27,17,1108,11,17,3385,2047,11,534,1,0,0,1,0
Nathan Ake,DF,Manchester City,26,"£92,308.00 ",14,923,0,0,5,0.49,15,5,70,12,18,31,8,5,78,83.7,0,8,936,0,2,3560,2226,1,724,0,0,0,0,0
Trent Alexander-Arnold,DF,Liverpool,22,"£180,000.00 ",32,2853,2,0,51,1.61,44,24,288,39,76,43,16,9,319,45,0.54,30,3009,26,44,6044,3315,26,1879,4,0,2,1,1
Marcos Alonso,DF,Chelsea,30,"£100,000.00 ",28,2167,8,0,43,1.79,45,28,300,39,66,55,33,34,216,69.4,0.37,16,1787,19,39,4917,2570,32,1037,1,0,0,0,1
Daniel Amartey,DF,Leicester City,26,"£20,962.00 ",28,2123,4,0,2,0.08,25,12,172,48,30,110,17,9,211,54.2,0.04,22,1702,6,8,5166,2940,2,1236,0,0,0,0,0
Joachim Andersen,DF,Crystal Palace,25,"£79,423.00 ",34,2916,4,0,8,0.25,36,23,157,41,60,156,19,8,287,66.1,0.15,31,2508,6,8,8962,4315,8,1788,0,0,0,0,0
Luke Ayling,DF,Leeds United,29,"£8,077.00 ",26,2272,4,1,19,0.75,79,45,392,49,54,68,28,24,263,49,0.12,23,1861,25,41,6509,3840,20,1134,1,0,0,1,0
Cesar Azpilicueta,DF,Chelsea,31,"£150,000.00 ",27,2070,3,0,13,0.57,54,31,356,62,37,71,29,8,169,60.5,0.35,16,1958,15,20,5111,2994,8,1388,3,1,0,1,1
Eric Bailly,DF,Manchester Utd,27,"£80,000.00 ",4,217,1,0,0,0,8,3,21,5,8,10,2,0,23,71.4,0,1,113,0,2,313,142,3,53,1,0,1,0,0
Mads Bech Sorensen,DF,Brentford,22,"£4,038.00 ",11,835,3,0,2,0.22,12,7,73,10,9,28,9,4,100,58.3,0,7,562,0,0,1796,1120,1,322,0,0,0,0,0
Jan Bednarek,DF,Southampton,25,"£20,000.00 ",31,2629,10,0,19,0.65,37,21,238,64,95,169,38,17,324,65.5,0,26,1786,1,2,4166,1987,4,979,0,0,0,0,0
Ryan Bertrand,DF,Leicester City,31,"£44,231.00 ",4,337,1,0,0,0,9,4,75,11,3,7,5,1,17,37.5,0,3,228,0,1,544,216,5,128,2,0,0,2,0
Willy Boly,DF,Wolves,30,"£50,000.00 ",10,900,1,0,2,0.2,27,22,110,21,19,39,9,2,102,54.2,0,10,649,4,5,1715,835,2,412,3,1,1,1,0
Jarrad Branthwaite,DF,Everton,19,"£15,000.00 ",6,388,0,1,3,0.7,3,2,41,7,8,16,2,4,37,68.4,0,3,154,1,1,321,191,4,71,1,0,0,1,0
Dan Burn,DF,Newcastle Utd,29,"£19,231.00 ",16,1440,4,0,11,0.69,25,12,144,33,29,114,13,5,173,76.3,0.06,16,780,0,1,2038,789,2,384,0,0,0,0,0
Dan Burn,DF,Brighton,29,"£19,231.00 ",13,1022,4,0,7,0.62,24,15,141,28,32,52,18,3,100,67.2,0,10,771,1,2,2347,1210,3,497,3,1,1,1,0
Sam Byram,DF,Norwich City,27,"£30,000.00 ",15,1027,3,0,7,0.61,28,15,139,31,38,51,16,4,91,61.4,0.18,10,646,2,7,1570,791,3,321,0,0,0,0,0
Joao Cancelo,DF,Manchester City,27,"£80,000.00 ",36,3227,7,0,81,2.26,89,54,347,45,75,56,37,37,349,52.1,0.45,35,3714,53,105,11821,6458,29,2719,0,0,0,0,0
Sergi Canos,DF,Brentford,24,"£15,000.00 ",31,2083,8,1,33,1.43,57,22,460,40,33,38,32,20,182,31.1,0.22,9,1036,24,49,3683,2207,36,605,0,0,0,0,0
Matty Cash,DF,Aston Villa,23,"£65,000.00 ",38,3377,8,0,36,0.96,90,44,511,91,90,95,45,50,285,44,0.19,35,2069,21,36,6756,3573,49,1033,0,0,0,0,0
Timothy Castagne,DF,Leicester City,25,"£63,077.00 ",27,2127,1,0,7,0.3,66,29,349,53,38,65,18,13,181,57.9,0.04,20,1565,13,19,3430,1764,18,932,0,0,0,0,0
Craig Cathcart,DF,Watford,32,"£23,462.00 ",31,2396,3,0,3,0.11,33,15,165,55,38,129,14,7,219,60,0,24,1176,0,1,2216,1007,4,624,0,0,0,0,0
Trevoh Chalobah,DF,Chelsea,22,"£20,000.00 ",20,1449,2,0,9,0.56,38,21,165,20,33,65,22,16,161,58.3,0.06,13,1425,11,15,3946,1900,6,1053,2,1,1,0,0
Calum Chambers,DF,Arsenal,26,"£26,923.00 ",2,170,0,0,2,1.06,2,1,24,11,3,7,1,1,14,60,0,1,122,0,0,239,106,2,71,0,0,0,0,0
Calum Chambers,DF,Aston Villa,26,"£26,923.00 ",11,831,1,0,3,0.32,20,11,94,21,11,59,14,3,86,50.9,0.11,8,570,1,2,1522,842,1,350,0,0,0,0,0
Ben Chilwell,DF,Chelsea,24,"£190,000.00 ",7,542,0,0,13,2.16,10,5,92,10,6,15,10,18,42,42.1,0.17,6,422,2,5,1089,518,3,257,1,0,0,1,0
Andreas Christensen,DF,Chelsea,25,"£80,000.00 ",19,1496,2,0,5,0.3,18,12,148,30,52,87,13,7,168,61.9,0,15,1451,6,6,4427,2387,1,1032,3,1,1,0,1
Ciaran Clark,DF,Newcastle Utd,31,"£35,000.00 ",13,1014,2,1,7,0.62,17,13,76,14,15,50,6,7,86,69.4,0.09,10,449,3,4,1151,507,0,251,1,0,0,0,1
Nathaniel Clyne,DF,Crystal Palace,30,"£80,769.00 ",16,1351,1,0,3,0.2,22,11,126,10,33,31,4,6,104,54.5,0.13,15,825,3,4,2145,1068,3,445,0,0,0,0,0
Conor Coady,DF,Wolves,28,"£16,538.00 ",38,3361,4,0,12,0.32,31,18,197,64,44,150,21,3,235,57.4,0,35,1930,1,2,6291,2904,2,1330,0,0,0,0,0
Seamus Coleman,DF,Everton,32,"£70,000.00 ",30,2656,4,0,8,0.27,72,42,336,59,54,75,19,20,269,50,0.14,28,1550,26,44,4662,2319,26,712,1,0,1,0,0
Nathan Collins,DF,Burnley,20,"£10,192.00 ",19,1670,2,1,15,0.81,30,23,161,48,37,102,20,14,231,65.4,0.05,17,874,3,8,2338,1001,4,372,0,0,0,0,0
Liam Cooper,DF,Leeds United,29,"£6,538.00 ",21,1814,5,0,5,0.25,35,18,201,32,40,117,19,13,253,68.1,0.1,20,1352,3,3,4090,2294,3,808,1,0,0,1,0
Vladimir Coufal,DF,West Ham,28,"£35,000.00 ",28,2209,5,1,11,0.45,44,22,301,50,34,74,30,20,265,48.8,0.29,21,1668,13,28,4589,2281,17,881,0,0,0,0,0
Aaron Cresswell,DF,West Ham,31,"£50,000.00 ",31,2726,3,0,18,0.59,30,19,213,48,43,76,20,13,243,54.5,0.17,29,2291,3,13,5955,2964,11,1465,0,0,0,0,0
Charlie Cresswell,DF,Leeds United,18,"£2,115.00 ",5,141,1,0,1,0.64,7,3,29,2,4,10,3,2,17,70,0,1,120,1,1,552,353,0,78,1,0,0,1,0
Marc Cucurella,DF,Brighton,23,"£50,000.00 ",35,3089,6,0,18,0.52,88,62,534,72,72,66,35,36,348,54,0.06,32,2691,31,59,8187,5158,32,1637,0,0,0,0,0
Diogo Dalot,DF,Manchester Utd,22,"£25,000.00 ",24,1801,4,0,13,0.65,58,33,232,37,44,61,20,7,178,63.3,0.25,18,1402,16,28,3969,2350,15,824,0,0,0,0,0
Ben Davies,DF,Tottenham,28,"£60,000.00 ",29,2538,6,0,19,0.67,40,18,269,39,45,93,33,23,201,61.1,0.14,26,1854,8,11,7311,4438,10,1316,2,2,0,0,0
Craig Dawson,DF,West Ham,31,"£42,500.00 ",34,2754,5,1,25,0.82,33,21,199,66,30,145,40,12,265,64.8,0.16,28,1541,2,2,4229,1975,6,933,0,0,0,0,0
Ruben Dias,DF,Manchester City,24,"£160,000.00 ",29,2402,5,0,18,0.67,34,27,153,28,38,78,30,10,217,59.6,0.22,24,2427,2,5,10636,6630,2,1952,1,0,0,1,0
Eric Dier,DF,Tottenham,27,"£72,308.00 ",35,3071,1,0,13,0.38,25,13,181,56,47,168,18,13,240,63.6,0.12,34,2535,0,2,9307,5223,2,1903,2,0,2,0,0
Lucas Digne,DF,Aston Villa,28,"£163,462.00 ",16,1269,2,0,9,0.64,19,10,157,29,32,42,21,23,120,54.3,0.5,13,986,4,13,2435,1341,17,541,2,1,1,0,0
Lucas Digne,DF,Everton,28,"£163,462.00 ",13,1170,4,0,9,0.69,35,17,161,28,31,30,17,11,138,64.1,0,13,823,6,12,2075,1141,10,385,0,0,0,0,0
Virgil van Dijk,DF,Liverpool,30,"£220,000.00 ",34,3060,3,0,35,1.03,21,12,124,31,47,135,10,12,410,77.1,0.18,34,2802,3,4,6903,3629,5,2027,3,1,1,0,1
Issa Diop,DF,West Ham,24,"£66,923.00 ",13,963,0,0,2,0.19,9,3,72,23,17,44,6,5,96,48.7,0.09,9,568,0,0,1927,934,1,344,1,0,1,0,0
Matt Doherty,DF,Tottenham,29,"£65,385.00 ",15,875,0,0,16,1.65,18,12,120,24,17,15,14,4,72,65.4,0.41,6,644,6,9,1991,1192,8,425,2,0,1,1,0
Gabriel Magalhaes,DF,Arsenal,23,"£50,000.00 ",35,3063,8,1,30,0.88,57,37,222,49,39,117,24,43,250,64.2,0.03,31,2300,3,3,9846,5517,3,1705,1,0,0,1,0
Shane Duffy,DF,Brighton,29,"£40,000.00 ",18,1436,7,0,21,1.32,16,9,85,35,18,91,20,7,152,77.9,0.13,15,1192,2,2,2879,1502,1,840,3,0,2,0,1
Paul Dummett,DF,Newcastle Utd,29,"£35,000.00 ",3,198,2,0,0,0,9,4,31,3,4,9,4,3,10,50,0,1,91,0,0,151,72,0,36,1,0,0,1,0
Lewis Dunk,DF,Brighton,29,"£45,000.00 ",29,2573,3,1,19,0.66,20,11,125,42,46,119,8,6,257,67.4,0.07,28,2123,5,6,7109,3353,4,1548,1,0,0,1,0
Emerson,DF,Tottenham,22,"£41,731.00 ",31,2286,5,0,15,0.59,86,39,500,56,35,79,38,53,211,49.4,0.16,17,1774,18,27,4568,2506,30,1015,1,0,1,0,0
Jonny Evans,DF,Leicester City,33,"£80,000.00 ",18,1348,3,0,3,0.2,27,18,123,22,31,61,16,12,180,74.6,0.13,12,1106,1,2,3133,1564,1,721,2,0,0,2,0
Kiko Femenia,DF,Watford,30,"£22,500.00 ",27,2142,2,0,3,0.13,43,26,227,39,63,61,16,16,207,45.7,0.25,17,1424,8,17,3664,1783,10,663,0,0,0,0,0
Nathan Ferguson,DF,Crystal Palace,20,"£28,846.00 ",1,9,0,0,0,0,0,0,1,0,0,0,0,0,2,,0,0,5,0,0,0,0,0,1,1,0,0,1,0
Federico Fernandez,DF,Newcastle Utd,32,"£47,308.00 ",7,523,0,0,6,1.03,1,1,33,11,13,23,2,2,34,66.7,0.17,4,267,0,0,845,506,1,174,1,0,0,1,0
Junior Firpo,DF,Leeds United,24,"£42,308.00 ",24,1711,11,0,12,0.63,73,38,356,37,33,47,50,20,143,61.1,0.21,11,1162,10,21,3380,2177,12,659,2,0,0,2,0
Wesley Fofana,DF,Leicester City,20,"£19,231.00 ",7,630,2,0,3,0.43,10,5,56,6,16,28,9,8,76,65.7,0,7,569,2,2,2837,1641,4,419,1,0,0,1,0
Tariqe Fosu,DF,Brentford,25,"£5,000.00 ",1,17,0,0,1,5.29,0,0,5,1,0,0,0,1,2,0,0,0,11,0,0,80,61,0,8,0,0,0,0,0
Ryan Fredericks,DF,West Ham,28,"£40,000.00 ",7,307,1,0,0,0,4,2,24,4,6,9,3,1,27,85.7,0,2,176,0,1,314,167,1,99,0,0,0,0,0
Dimitris Giannoulis,DF,Norwich City,25,"£7,500.00 ",18,1169,2,0,3,0.23,40,23,204,38,36,31,18,26,119,52.6,0.15,10,881,27,44,2902,1783,9,474,0,0,0,0,0
Ben Gibson,DF,Norwich City,28,"£40,000.00 ",28,2494,5,1,8,0.29,21,17,152,57,48,159,14,10,200,67,0.04,27,1597,2,5,4682,2770,4,1026,0,0,0,0,0
Ben Godfrey,DF,Everton,23,"£76,923.00 ",23,2029,6,0,18,0.8,53,26,266,48,48,98,17,14,161,58.6,0.09,21,1062,6,10,2932,1476,9,514,0,0,0,0,0
Toti Gomes,DF,Wolves,22,"£2,692.00 ",4,360,1,0,1,0.25,7,3,34,10,10,20,2,3,42,57.7,0,4,241,3,4,701,364,1,142,0,0,0,0,0
Joe Gomez,DF,Liverpool,24,"£75,000.00 ",8,331,2,0,1,0.27,7,4,42,3,12,8,5,3,44,68.4,0.54,3,325,4,7,812,398,5,204,0,0,0,0,0
Marc Guehi,DF,Crystal Palace,21,"£50,192.00 ",36,3222,4,0,18,0.5,33,22,223,46,58,143,19,37,340,59.4,0.06,35,2581,12,15,9225,5052,5,1858,0,0,0,0,0
Grant Hanley,DF,Norwich City,29,"£20,000.00 ",33,2897,2,0,20,0.62,55,38,269,77,65,196,28,24,252,75.8,0,31,1663,4,6,3325,1450,1,915,1,0,1,0,0
Kortney Hause,DF,Aston Villa,26,"£8,077.00 ",7,397,0,0,2,0.45,4,4,47,10,9,19,8,2,55,71.4,0,3,249,2,4,960,512,2,145,0,0,0,0,0
Rico Henry,DF,Brentford,24,"£11,923.00 ",34,2776,2,0,14,0.45,42,27,396,74,59,62,21,32,311,45.1,0.03,24,1546,23,53,4391,2330,44,839,0,0,0,0,0
Ki-Jana Hoever,DF,Wolves,19,"£40,385.00 ",8,308,1,0,1,0.29,16,10,81,6,5,8,5,4,23,50,0,3,200,1,7,587,377,3,105,0,0,0,0,0
Rob Holding,DF,Arsenal,25,"£40,000.00 ",15,845,4,1,4,0.43,12,7,62,25,15,50,9,4,88,57.1,0,8,579,1,3,1599,783,3,364,1,0,1,0,0
Mason Holgate,DF,Everton,24,"£25,000.00 ",25,2134,7,1,7,0.3,44,26,231,30,42,127,28,17,234,68.5,0.04,22,1058,1,2,2506,1214,8,498,0,0,0,0,0
Reece James,DF,Chelsea,21,"£58,077.00 ",26,1864,4,1,37,1.79,39,23,265,29,21,21,18,37,167,47.8,0.53,17,1877,34,43,5827,2899,24,1336,4,1,2,1,0
Pontus Jansson,DF,Brentford,30,"£25,000.00 ",37,3321,7,0,23,0.62,36,25,204,56,69,208,20,12,374,61.5,0.11,36,1840,3,4,4387,1998,3,996,0,0,0,0,0
Ben Johnson,DF,West Ham,21,"£19,231.00 ",20,1397,1,0,5,0.32,30,16,172,49,25,49,11,5,115,48.6,0.13,13,942,9,16,2354,1021,13,506,0,0,0,0,0
Phil Jones,DF,Manchester Utd,29,"£75,000.00 ",4,163,0,0,0,0,6,4,23,3,5,9,0,3,12,100,0,1,100,0,0,284,141,0,63,0,0,0,0,0
James Justin,DF,Leicester City,23,"£8,269.00 ",13,998,0,0,5,0.45,31,21,181,28,27,33,8,14,97,50,0.09,10,801,4,12,1777,1034,14,470,0,0,0,0,0
Mathias Jorgensen,DF,Brentford,31,"£20,000.00 ",8,518,2,0,2,0.35,11,2,54,8,10,14,9,1,66,69.2,0,5,382,0,0,909,609,2,194,0,0,0,0,0
Ozan Kabak,DF,Norwich City,21,"£27,692.00 ",11,922,2,0,4,0.39,13,11,94,19,22,29,12,13,80,59.2,0,9,514,14,18,1691,948,6,320,2,0,1,1,0
Christian Kabasele,DF,Watford,30,"£30,000.00 ",16,1193,0,0,7,0.53,10,6,83,33,26,58,6,4,116,74.6,0,12,592,0,1,1463,604,4,320,0,0,0,0,0
Hassane Kamara,DF,Watford,27,"£26,538.00 ",19,1623,5,1,5,0.28,61,29,300,33,94,57,27,17,184,75.9,0,15,1161,18,34,3262,1512,9,510,0,0,0,0,0
Michael Keane,DF,Everton,28,"£65,000.00 ",32,2792,4,1,20,0.64,49,35,228,51,62,149,17,11,321,62.7,0.03,29,1486,5,7,4121,1856,3,782,0,0,0,0,0
Kenedy,DF,Chelsea,25,"£25,000.00 ",1,58,0,0,1,1.55,3,2,9,2,0,0,1,0,5,0,1.55,0,60,0,1,161,76,2,45,0,0,0,0,0
Jonjoe Kenny,DF,Everton,24,"£15,000.00 ",15,1018,3,1,5,0.44,19,12,141,17,32,21,11,6,93,44.8,0.18,28,581,3,9,1250,634,4,288,0,0,0,0,0
Max Kilman,DF,Wolves,24,"£15,000.00 ",30,2687,3,0,13,0.44,53,33,240,52,64,118,22,16,238,66.7,0.03,20,1778,13,17,6267,3616,9,1181,1,0,0,1,0
Ibrahima Konate,DF,Liverpool,22,"£70,000.00 ",11,990,2,0,4,0.36,14,8,86,15,28,47,13,3,128,71.9,0.18,24,830,3,3,2786,1647,2,569,0,0,0,0,0
Ezri Konsa,DF,Aston Villa,23,"£8,077.00 ",29,2477,6,2,15,0.55,26,14,179,43,45,81,17,38,183,58.3,0,14,1205,6,8,3197,1679,8,757,1,0,0,1,0
Emil Krafth,DF,Newcastle Utd,26,"£57,692.00 ",20,1634,5,0,6,0.33,39,20,232,38,48,53,27,12,142,54.2,0.06,0,948,3,5,2245,1294,4,428,0,0,0,0,0
Aymeric Laporte,DF,Manchester City,27,"£120,000.00 ",33,2828,5,1,35,1.11,31,17,139,24,33,78,15,13,288,67,0.13,21,3059,3,5,14300,9587,8,2501,0,0,0,0,0
Jamaal Lascelles,DF,Newcastle Utd,27,"£40,000.00 ",26,2058,5,0,16,0.7,21,11,154,50,35,134,23,4,177,73.9,0.04,15,940,1,1,1739,708,4,486,1,1,0,0,0
Jamal Lewis,DF,Newcastle Utd,23,"£38,462.00 ",5,262,1,0,0,0,11,6,42,5,6,6,2,3,23,25,0.34,25,138,0,2,318,98,8,64,2,0,1,1,0
Victor Lindelof,DF,Manchester Utd,27,"£120,000.00 ",28,2355,4,0,4,0.15,19,10,155,42,51,120,24,8,252,66.3,0.11,0,1529,0,1,5874,3055,3,989,3,1,1,0,1
Valentino Livramento,DF,Southampton,18,"£5,000.00 ",28,2202,2,0,12,0.49,54,30,332,45,73,49,17,40,218,44.3,0.08,24,1466,32,58,5797,3236,30,776,2,0,0,2,0
Diego Llorente,DF,Leeds United,27,"£21,923.00 ",28,2340,7,0,10,0.38,56,35,361,61,61,104,29,27,275,50,0,38,1645,9,11,7259,4603,12,1003,0,0,0,0,0
Kevin Long,DF,Burnley,30,"£23,077.00 ",6,410,1,0,4,0.88,6,5,42,8,7,15,6,1,32,77.8,0,0,139,0,0,365,144,1,67,0,0,0,0,0
Matthew Lowton,DF,Burnley,32,"£25,000.00 ",25,1772,3,1,10,0.51,45,26,188,45,34,68,18,8,182,54.4,0.1,22,1077,9,15,2037,1211,7,486,0,0,0,0,0
Lyanco,DF,Southampton,24,"£48,077.00 ",15,911,2,0,6,0.59,17,14,99,28,29,66,16,8,86,58.3,0.1,18,513,6,7,1423,623,5,252,2,0,0,1,1
Harry Maguire,DF,Manchester Utd,28,"£190,000.00 ",30,2515,9,1,23,0.82,41,26,173,46,53,130,23,23,284,73.9,0.04,10,1808,3,5,7191,3901,4,1175,3,1,2,0,0
Javier Manquillo,DF,Newcastle Utd,27,"£35,000.00 ",19,1257,5,0,4,0.29,41,24,175,28,23,29,8,18,100,51.6,0.29,12,552,8,12,1148,516,7,224,1,0,1,0,0
Fernando Marcal,DF,Wolves,32,"£35,000.00 ",18,1449,3,0,11,0.68,42,26,241,42,31,54,33,12,137,63,0.06,10,1084,9,18,2902,1784,11,623,0,0,0,0,0
Adam Masina,DF,Watford,27,"£27,885.00 ",15,1077,0,0,5,0.42,24,14,162,29,31,41,19,5,93,66.7,0.08,4,668,8,10,1374,731,6,316,0,0,0,0,0
Joel Matip,DF,Liverpool,29,"£100,000.00 ",31,2790,2,0,34,1.1,48,36,210,38,66,121,16,19,376,68.6,0.29,19,2549,13,14,10768,7547,7,1778,2,1,0,0,1
Ben Mee,DF,Burnley,31,"£55,000.00 ",21,1839,3,0,18,0.88,27,16,109,40,35,122,14,8,243,71.3,0,0,974,4,6,2388,1029,5,452,1,0,0,1,0
Benjamin Mendy,DF,Manchester City,27,"£90,000.00 ",1,78,0,0,0,0,3,1,12,0,0,3,3,0,7,50,0,34,94,1,2,302,204,1,69,0,0,0,0,0
Yerry Mina,DF,Everton,26,"£120,000.00 ",13,846,3,0,6,0.64,17,12,70,19,10,47,9,9,85,69.1,0,1,459,0,1,1284,566,1,255,2,0,0,2,0
Tyrone Mings,DF,Aston Villa,28,"£80,000.00 ",36,3189,11,0,21,0.59,36,21,203,69,78,181,29,27,314,66,0.11,32,1960,9,11,6873,3659,3,1178,0,0,0,0,0
Tyrick Mitchell,DF,Crystal Palace,21,"£28,846.00 ",36,3101,1,0,5,0.15,108,54,683,76,79,85,22,17,316,45.2,0.15,10,2287,15,29,5335,2745,37,1182,0,0,0,0,0
Vitaliy Mykolenko,DF,Everton,22,"£32,115.00 ",13,1055,0,0,8,0.68,28,14,172,34,25,31,15,11,101,43.3,0.26,5,610,5,11,997,484,6,240,4,1,2,0,1
Jeremy Ngakia,DF,Watford,20,"£2,500.00 ",16,903,0,0,5,0.5,41,21,202,16,29,20,12,7,83,46.3,0.1,3,553,10,15,1471,906,7,261,0,0,0,0,0
Nicolas Nkoulou,DF,Watford,31,"£24,615.00 ",3,168,0,0,0,0,1,0,7,5,1,10,1,0,13,50,0,1,72,1,1,126,47,1,40,1,0,0,1,0
Angelo Ogbonna,DF,West Ham,33,"£70,000.00 ",11,921,1,0,3,0.29,13,8,50,7,13,38,5,3,78,68.4,0.1,4,528,0,0,1947,714,1,363,1,0,0,1,0
Andrew Omobamidele,DF,Norwich City,19,"£12,115.00 ",5,382,1,0,2,0.47,8,3,49,10,10,17,5,5,51,37.5,0,0,276,0,0,931,539,1,161,0,0,0,0,0
Ricardo Pereira,DF,Leicester City,27,"£70,000.00 ",14,991,3,0,10,0.91,45,25,194,27,25,32,8,17,81,67.6,0.54,0,798,10,16,1948,1208,6,469,1,0,1,0,0
Romain Perraud,DF,Southampton,23,"£39,231.00 ",20,1623,3,0,19,1.05,38,20,325,30,24,46,35,20,130,37.5,0.17,16,955,9,22,2945,1550,11,510,0,0,0,0,0
Erik Pieters,DF,Burnley,32,"£48,077.00 ",12,730,1,0,7,0.86,28,16,143,25,23,27,18,5,75,52,0.12,28,457,3,7,967,574,3,181,1,0,0,1,0
Ethan Pinnock,DF,Brentford,28,"£15,000.00 ",32,2694,1,0,18,0.6,63,38,281,49,56,175,12,19,349,68,0.1,4,1925,5,8,4048,2209,7,960,0,0,0,0,0
Sergio Reguilon,DF,Tottenham,24,"£53,000.00 ",25,1916,4,0,21,0.99,47,28,298,32,42,43,25,28,144,56.4,0.23,35,1252,18,48,3480,1946,20,752,2,0,0,1,1
Matt Ritchie,DF,Newcastle Utd,31,"£45,000.00 ",18,1337,5,0,10,0.67,22,7,153,28,30,26,12,11,118,40,0.2,17,827,3,5,1584,721,4,403,1,0,0,0,1
Connor Roberts,DF,Burnley,25,"£26,154.00 ",21,1692,2,0,6,0.32,21,13,157,49,42,55,12,31,150,52.8,0.05,4,1035,8,14,2624,1497,4,502,1,0,0,1,0
Andrew Robertson,DF,Liverpool,27,"£50,000.00 ",29,2537,5,1,18,0.64,33,17,284,43,49,58,21,11,248,71.7,0.57,0,2536,16,32,7311,4585,19,1719,0,0,0,0,0
Joe Rodon,DF,Tottenham,23,"£9,615.00 ",3,89,0,0,0,0,0,0,7,3,2,8,0,1,8,66.7,0,29,44,0,0,67,13,0,23,1,0,1,0,0
Mads Roerslev,DF,Brentford,22,"£5,000.00 ",21,1240,1,0,5,0.36,26,9,173,31,21,30,20,9,82,34.8,0.22,19,498,3,15,1050,410,12,261,0,0,0,0,0
Cristian Romero,DF,Tottenham,23,"£31,346.00 ",22,1844,8,0,6,0.29,75,45,317,50,57,78,36,17,199,62.5,0.1,21,1533,9,14,5473,3097,8,1019,5,1,2,1,1
Danny Rose,DF,Watford,31,"£60,000.00 ",8,689,4,0,4,0.52,23,15,85,14,15,13,12,16,51,40,0.13,0,409,9,15,833,508,6,173,0,0,0,0,0
Antonio Rudiger,DF,Chelsea,28,"£100,000.00 ",34,3035,9,0,48,1.42,53,28,294,41,43,110,41,16,284,69.1,0.24,2,2759,6,10,9572,5631,18,2143,1,0,1,0,0
Romain Saiss,DF,Wolves,31,"£21,923.00 ",31,2705,6,0,18,0.6,60,38,283,61,81,173,35,18,260,66.1,0,16,2111,5,8,5502,2923,8,1373,0,0,0,0,0
Mohammed Salisu,DF,Southampton,22,"£23,077.00 ",34,2972,10,1,25,0.76,91,60,364,69,93,196,49,13,397,67.4,0.09,9,2244,9,14,7505,3499,17,1214,1,0,1,0,0
Davinson Sanchez,DF,Tottenham,25,"£65,000.00 ",23,1631,4,0,13,0.72,45,22,186,35,34,76,16,12,153,59.6,0.06,36,1290,3,5,4031,2250,10,896,1,0,0,0,1
Samir Santos,DF,Watford,26,"£11,731.00 ",19,1673,4,0,8,0.43,32,19,143,28,54,82,18,16,171,60.4,0,5,856,0,1,2214,1023,4,444,0,0,0,0,0
Malang Sarr,DF,Chelsea,22,"£120,000.00 ",8,546,2,0,1,0.16,13,4,68,9,12,26,9,1,51,66.7,0.16,0,539,0,4,1794,783,1,384,0,0,0,0,0
Fabian Schar,DF,Newcastle Utd,29,"£40,000.00 ",25,2158,4,0,20,0.83,20,11,151,37,75,121,33,13,208,53.1,0.17,13,1223,8,13,4116,2421,6,653,1,0,1,0,0
Nelson Semedo,DF,Wolves,27,"£76,923.00 ",25,2131,1,0,19,0.8,59,40,379,43,43,57,23,24,177,38.5,0.04,4,1467,31,64,4802,3003,31,848,0,0,0,0,0
Ryan Sessegnon,DF,Tottenham,21,"£57,692.00 ",15,1047,2,0,6,0.52,27,14,230,30,19,22,27,9,61,46.4,0.34,3,569,5,13,1858,1039,16,328,3,0,1,2,0
Luke Shaw,DF,Manchester Utd,26,"£150,000.00 ",20,1601,8,0,6,0.34,22,13,190,40,15,22,35,18,145,52.4,0.34,19,1321,10,24,4376,2522,10,831,4,0,2,1,1
Francisco Sierralta,DF,Watford,24,"£9,423.00 ",5,427,0,0,1,0.21,6,4,24,9,14,40,5,2,33,81.8,0,27,244,1,1,522,251,1,131,0,0,0,0,0
Thiago Silva,DF,Chelsea,36,"£110,000.00 ",32,2650,2,0,18,0.61,36,23,173,65,65,114,13,15,307,68,0.03,0,2813,4,6,11337,6931,3,2121,2,1,0,0,1
Cedric Soares,DF,Arsenal,29,"£75,000.00 ",21,1486,3,0,12,0.73,39,20,194,24,20,35,18,9,154,47.8,0.12,33,1254,7,11,3422,1554,15,755,0,0,0,0,0
Caglar Soyuncu,DF,Leicester City,25,"£45,000.00 ",28,2497,5,0,8,0.29,52,30,259,56,50,139,32,15,299,65.1,0,0,2135,6,9,6853,3167,3,1453,1,0,1,0,0
Jack Stephens,DF,Southampton,27,"£47,885.00 ",11,811,3,0,0,0,21,12,92,16,27,46,11,3,97,54.3,0,17,551,1,2,1888,1044,2,307,2,0,0,1,1
John Stones,DF,Manchester City,27,"£250,000.00 ",14,1119,0,0,9,0.72,5,4,58,9,17,41,3,9,86,83.1,0.08,20,1061,6,7,4822,2729,2,844,0,0,0,0,0
Pascal Struijk,DF,Leeds United,21,"£7,115.00 ",29,2055,6,1,11,0.48,68,35,387,57,63,82,29,10,230,56.6,0.09,0,1502,4,6,4463,2309,11,911,1,0,0,1,0
Japhet Tanganga,DF,Tottenham,22,"£23,077.00 ",11,735,4,1,7,0.86,21,12,110,16,17,30,20,10,46,65.5,0,14,502,3,6,1405,953,9,310,1,0,0,1,0
Matt Targett,DF,Aston Villa,25,"£35,000.00 ",17,1431,2,0,7,0.44,31,15,191,44,35,25,19,13,129,60.8,0.06,16,965,1,5,1905,1096,6,526,0,0,0,0,0
Matt Targett,DF,Newcastle Utd,25,"£35,000.00 ",16,1440,1,0,6,0.37,40,23,175,18,35,43,11,13,136,53.3,0.06,34,938,9,16,1459,673,7,421,0,0,0,0,0
James Tarkowski,DF,Burnley,28,"£50,000.00 ",35,3106,11,0,23,0.67,71,42,261,92,72,216,34,22,377,68.7,0.06,10,1588,7,9,2909,1319,4,691,0,0,0,0,0
Nuno Tavares,DF,Arsenal,21,"£26,923.00 ",22,1176,2,0,23,1.76,20,12,155,21,24,30,27,14,101,49.1,0.23,30,888,20,37,3254,1964,18,559,0,0,0,0,0
Charlie Taylor,DF,Burnley,27,"£25,000.00 ",31,2731,3,0,7,0.23,54,24,243,95,72,84,20,48,275,66,0.2,1,1740,28,58,6004,2647,21,814,1,0,0,1,0
Alex Telles,DF,Manchester Utd,28,"£93,077.00 ",21,1660,1,0,10,0.54,48,27,196,29,36,53,26,16,131,58.5,0.27,20,1379,12,20,3605,2145,13,841,2,0,0,1,1
Luke Thomas,DF,Leicester City,20,"£11,538.00 ",22,1912,2,0,4,0.19,48,29,381,57,40,48,20,18,192,43.5,0.05,0,1523,14,27,3380,1771,22,871,0,0,0,0,0
Kieran Tierney,DF,Arsenal,24,"£110,000.00 ",22,1915,0,0,15,0.7,21,12,162,35,31,46,7,19,171,44.4,0.14,16,1346,11,25,4339,2638,8,836,2,0,1,1,0
Takehiro Tomiyasu,DF,Arsenal,22,"£40,000.00 ",21,1679,2,0,11,0.59,38,17,221,37,36,48,20,14,197,52.8,0.21,5,1305,7,15,3336,1848,15,750,1,0,0,1,0
James Tomkins,DF,Crystal Palace,32,"£50,000.00 ",8,547,2,0,4,0.66,12,6,49,13,10,14,7,2,46,65,0,32,363,2,2,895,383,0,237,0,0,0,0,0
Kieran Trippier,DF,Newcastle Utd,30,"£144,231.00 ",6,429,0,0,2,0.42,21,13,60,12,11,18,5,3,46,70.6,0.21,15,336,1,2,379,186,3,133,1,0,0,1,0
William Troost-Ekong,DF,Watford,27,"£27,500.00 ",17,1390,3,0,2,0.13,17,10,106,29,23,88,17,1,115,65.3,0,23,708,1,2,2216,1377,0,411,1,0,1,0,0
Kostas Tsimikas,DF,Liverpool,25,"£60,000.00 ",13,877,3,0,8,0.82,20,10,137,15,14,22,22,8,93,47.6,0.31,5,798,9,15,2915,1713,10,487,0,0,0,0,0
Yan Valery,DF,Southampton,22,"£1,923.00 ",5,370,0,0,2,0.49,10,7,50,10,12,21,5,3,42,65.2,0,20,211,0,3,676,323,3,96,0,0,0,0,0
Raphael Varane,DF,Manchester Utd,28,"£340,000.00 ",22,1831,0,0,9,0.44,27,16,164,32,35,95,7,7,184,64.9,0.1,15,1295,2,5,5248,2663,1,864,5,1,2,1,1
Joel Veltman,DF,Brighton,29,"£38,462.00 ",34,2874,6,0,12,0.38,90,40,350,65,67,97,48,38,318,62.2,0.06,5,2219,14,31,5742,2465,15,1250,2,0,1,0,1
Jannik Vestergaard,DF,Leicester City,28,"£65,192.00 ",10,567,2,0,1,0.16,16,11,60,15,15,41,6,1,47,59.3,0,0,438,3,3,1285,565,0,291,0,0,0,0,0
Kyle Walker,DF,Manchester City,31,"£110,000.00 ",20,1755,1,0,8,0.41,23,16,164,20,25,24,7,13,155,55.3,0.26,27,1769,8,14,5420,2323,7,1344,0,0,0,0,0
Kyle Walker-Peters,DF,Southampton,24,"£20,000.00 ",32,2633,5,0,27,0.92,63,27,367,53,56,44,29,53,252,44.4,0.27,19,1735,51,80,7588,4740,49,994,1,0,0,0,1
Aaron Wan-Bissaka,DF,Manchester Utd,23,"£90,000.00 ",20,1793,2,0,5,0.25,46,25,225,56,51,48,19,17,164,38,0.05,1,1363,36,58,3993,2244,28,800,2,1,1,0,0
Joel Ward,DF,Crystal Palace,31,"£35,000.00 ",28,2487,8,0,10,0.36,48,28,284,53,54,104,30,25,242,68.4,0.07,34,2016,17,25,5315,2716,23,1175,0,0,0,0,0
Adam Webster,DF,Brighton,26,"£38,077.00 ",22,1434,5,0,9,0.56,23,13,118,36,25,81,18,3,185,78.3,0.06,7,1314,7,8,4998,3122,4,908,3,0,1,2,0
Ben White,DF,Arsenal,23,"£120,000.00 ",32,2880,3,0,12,0.37,42,23,252,54,66,114,22,29,302,60.2,0.03,19,2111,7,16,7856,4466,11,1428,0,0,0,0,0
Brandon Williams,DF,Norwich City,20,"£65,000.00 ",26,2120,8,0,4,0.17,56,29,317,51,61,47,26,53,172,52.4,0.08,0,1419,16,32,5036,2875,29,797,0,0,0,0,0
Christoph Zimmermann,DF,Norwich City,28,"£19,423.00 ",3,157,0,0,2,1.15,5,3,24,0,3,3,1,2,16,66.7,0,10,80,1,2,283,172,0,47,0,0,0,0,0
Oleksandr Zinchenko,DF,Manchester City,24,"£20,000.00 ",15,1047,0,0,12,1.03,20,11,94,18,18,13,11,4,114,51.5,0.86,8,1153,6,11,3724,2046,8,867,3,0,1,1,1
Kurt Zouma,DF,West Ham,26,"£120,000.00 ",24,2078,1,0,7,0.3,11,5,107,38,47,140,12,10,164,68.8,0,,1206,2,4,3398,1721,2,755,2,1,0,1,0
Tariq Lamptey,DFFW,Brighton,20,"£35,000.00 ",30,1561,4,0,19,1.1,38,23,245,22,37,19,31,54,121,22,0.12,7,1043,28,60,4516,2867,25,713,1,0,1,0,0
Solly March,DFFW,Brighton,27,"£30,000.00 ",31,1746,1,0,21,1.08,38,22,260,33,31,23,35,23,129,36.7,0.21,2,985,25,44,4240,2361,32,632,1,0,1,0,0
Arthur Masuaku,DFFW,West Ham,27,"£40,000.00 ",13,650,1,0,4,0.55,33,19,120,10,18,16,8,4,74,59.1,0.28,0,475,5,8,1214,684,9,270,0,0,0,0,0
Ashley Young,DFFW,Aston Villa,36,"£49,423.00 ",24,1250,2,0,10,0.72,28,15,145,12,22,24,20,34,91,40,0.29,0,753,7,13,2155,1279,7,471,0,0,0,0,0
Chiquinho,DFMF,Wolves,21,"£18,269.00 ",8,208,0,0,5,2.16,9,6,58,3,6,3,11,8,21,50,1.3,1,153,8,12,418,248,11,102,0,0,0,0,0
Hamza Choudhury,DFMF,Leicester City,23,"£7,500.00 ",6,285,1,0,1,0.32,8,2,42,5,16,12,6,7,24,93.3,0,1,207,1,3,317,98,3,122,0,0,0,0,0
Stuart Dallas,DFMF,Leeds United,30,"£8,077.00 ",34,2919,5,0,31,0.96,90,46,531,64,78,66,38,39,286,54.8,0.09,31,2050,20,39,6653,3857,38,1100,1,0,0,1,0
Saman Ghoddos,DFMF,Brentford,27,"£15,000.00 ",17,536,2,0,8,1.34,17,8,117,13,7,13,13,12,54,34.8,0.34,0,298,4,5,859,503,5,164,1,0,0,0,1
Jamie Shackleton,DFMF,Leeds United,21,"£1,538.00 ",14,709,4,0,4,0.51,26,18,115,16,10,9,14,7,68,31.6,0.13,15,492,8,15,1585,834,6,284,0,0,0,0,0
Che Adams,FW,Southampton,25,"£30,000.00 ",30,2039,0,0,49,2.16,16,9,332,25,10,15,31,47,120,33.5,0.18,13,766,14,33,1884,833,48,542,0,0,0,0,0
Michail Antonio,FW,West Ham,31,"£70,000.00 ",36,2971,8,1,83,2.51,28,23,460,26,14,17,51,63,138,35.8,0.51,23,1190,45,94,4398,2550,88,898,0,0,0,0,0
Adam Armstrong,FW,Southampton,24,"£47,885.00 ",23,1413,1,0,47,2.99,10,7,239,10,9,6,15,9,57,26.9,0.19,10,489,19,38,1933,1062,25,348,0,0,0,0,0
Jordan Ayew,FW,Crystal Palace,29,"£32,500.00 ",31,2019,2,0,35,1.56,52,34,515,37,28,9,42,70,156,33.3,0.27,10,1134,38,72,5294,3073,81,810,0,0,0,0,0
Patrick Bamford,FW,Leeds United,27,"£35,000.00 ",9,559,2,0,20,3.22,3,2,111,6,3,8,7,8,19,25,0.48,4,175,4,8,462,210,6,115,3,0,0,3,0
Ashley Barnes,FW,Burnley,31,"£40,000.00 ",23,808,4,0,15,1.67,13,10,157,6,6,4,24,14,46,35,0.11,2,311,4,8,580,290,19,222,1,0,0,1,0
Christian Benteke,FW,Crystal Palace,30,"£120,000.00 ",25,1145,3,0,39,3.07,8,2,120,8,1,30,17,17,45,59.1,0.08,6,462,9,19,1034,497,14,344,0,0,0,0,0
Jarrod Bowen,FW,West Ham,24,"£96,154.00 ",36,2983,6,0,80,2.41,39,26,559,47,38,8,26,51,194,33.9,0.63,22,1276,27,66,5414,2450,67,805,0,0,0,0,0
Armando Broja,FW,Southampton,19,"£6,538.00 ",32,1975,2,0,48,2.19,17,12,376,22,13,8,38,32,100,34.9,0.14,6,697,31,64,2619,1623,62,508,3,1,1,0,1
Dominic Calvert-Lewin,FW,Everton,24,"£20,000.00 ",17,1283,2,0,30,2.1,14,11,198,11,6,12,21,22,49,47.5,0.28,9,463,6,10,862,249,22,337,1,0,0,1,0
Edinson Cavani,FW,Manchester Utd,34,"£250,000.00 ",15,766,0,0,18,2.11,4,2,105,9,9,7,9,6,34,25,0.23,4,296,4,5,390,107,3,219,5,0,2,2,1
Patson Daka,FW,Leicester City,22,"£62,115.00 ",23,1159,2,0,26,2.02,17,11,233,11,3,8,20,16,58,31,0.54,2,382,3,18,647,345,23,250,0,0,0,0,0
Luis Diaz,FW,Liverpool,24,"£56,000.00 ",13,958,0,0,38,3.57,12,10,163,9,4,2,16,21,81,26.3,0.38,4,595,32,48,2775,1533,30,475,0,0,0,0,0
Odsonne Edouard,FW,Crystal Palace,23,"£94,808.00 ",28,1564,4,0,38,2.19,17,13,340,24,11,16,28,11,86,41.8,0.17,6,684,23,56,2165,1390,46,487,0,0,0,0,0
Anthony Elanga,FW,Manchester Utd,19,"£9,038.00 ",21,1214,0,0,21,1.56,25,17,289,24,19,6,11,24,67,51.9,0.37,5,622,15,39,2020,1114,17,449,0,0,0,0,0
Roberto Firmino,FW,Liverpool,29,"£180,000.00 ",20,990,3,0,30,2.73,34,21,249,20,4,3,9,9,69,30.2,0.55,3,669,17,32,2031,1050,26,506,5,0,3,1,1
Ashley Fletcher,FW,Watford,25,"£6,923.00 ",3,30,0,0,2,6,2,2,9,1,0,0,1,0,4,25,0,0,15,0,1,29,15,0,8,0,0,0,0,0
Phil Foden,FW,Manchester City,21,"£11,923.00 ",28,2128,1,0,58,2.45,19,15,410,12,17,1,17,38,115,19.5,0.55,15,1327,39,55,4653,2225,51,1027,1,0,0,1,0
Dwight Gayle,FW,Newcastle Utd,30,"£40,000.00 ",8,38,1,0,2,4.74,1,0,18,0,1,0,2,2,1,25,0,0,23,0,1,40,28,0,17,0,0,0,0,0
Anwar El Ghazi,FW,Everton,26,"£30,962.00 ",2,13,0,0,0,0,1,1,10,2,1,0,0,0,0,0,0,0,14,0,1,49,24,0,8,0,0,0,0,0
Jack Grealish,FW,Manchester City,25,"£300,000.00 ",26,1914,3,0,45,2.12,20,15,269,20,16,7,18,65,106,34.8,0.33,15,1216,34,59,7778,4678,43,1001,0,0,0,0,0
Kelechi Iheanacho,FW,Leicester City,24,"£60,000.00 ",26,1264,1,0,31,2.21,15,9,244,16,4,10,26,12,61,24.6,0.57,4,540,15,32,1774,912,30,397,0,0,0,0,0
Danny Ings,FW,Aston Villa,29,"£120,000.00 ",30,1898,4,0,48,2.28,26,11,385,30,15,19,20,14,89,30.7,0.38,7,623,11,35,1632,795,17,399,0,0,0,0,0
Daniel James,FW,Manchester Utd,23,"£50,000.00 ",2,126,0,0,4,2.86,4,4,31,2,0,1,1,1,12,0,0,0,53,0,3,232,158,3,34,0,0,0,0,0
Gabriel Jesus,FW,Manchester City,24,"£90,000.00 ",28,1877,1,0,63,3.02,24,12,295,25,18,7,30,31,128,33.9,0.86,13,1033,40,61,3983,2035,46,797,0,0,0,0,0
Raul Jimenez,FW,Wolves,30,"£41,154.00 ",34,2631,9,2,57,1.95,33,23,445,36,19,27,55,58,121,44.3,0.51,20,1210,38,93,3164,1636,66,889,0,0,0,0,0
Diogo Jota,FW,Liverpool,24,"£90,000.00 ",35,2364,3,0,91,3.46,36,21,589,19,17,6,40,45,141,27.8,0.53,10,1129,32,73,3994,2485,48,865,1,0,1,0,0
Samuel Kalu,FW,Watford,23,"£14,038.00 ",4,222,0,0,4,1.62,2,2,23,3,5,3,0,5,5,40,0,1,100,2,5,321,180,6,71,1,0,0,0,1
Harry Kane,FW,Tottenham,28,"£200,000.00 ",37,3232,5,0,131,3.65,19,10,378,22,7,38,46,70,150,47.3,0.58,35,1434,62,102,5290,2479,73,1106,0,0,0,0,0
Joshua King,FW,Watford,29,"£39,231.00 ",32,2248,5,0,48,1.92,31,21,486,21,12,27,44,25,105,42.3,0.28,0,864,36,67,2795,1559,43,600,0,0,0,0,0
Shane Long,FW,Southampton,34,"£60,000.00 ",13,308,1,0,9,2.63,8,3,83,3,1,1,9,9,15,50,0,12,140,2,5,183,54,11,105,1,0,0,0,1
Romelu Lukaku,FW,Chelsea,28,"£325,000.00 ",26,1589,1,0,42,2.38,5,3,190,10,1,21,8,14,49,49,0.28,9,504,15,29,1263,759,28,371,3,0,1,1,1
Riyad Mahrez,FW,Manchester City,30,"£120,000.00 ",28,1498,0,0,56,3.36,10,6,192,16,13,1,10,18,109,42.9,0.42,1,1116,26,44,4820,2520,33,854,0,0,0,0,0
Sadio Mane,FW,Liverpool,29,"£100,000.00 ",34,2819,5,0,99,3.16,33,18,452,36,15,10,52,61,176,34.9,0.42,9,1556,49,82,6608,3397,72,1240,0,0,0,0,0
Jean-Philippe Mateta,FW,Crystal Palace,24,"£53,462.00 ",22,1145,2,0,37,2.91,7,5,249,12,4,15,19,10,46,44.2,0.16,7,388,15,25,919,441,18,277,0,0,0,0,0
Neal Maupay,FW,Brighton,24,"£50,000.00 ",32,2276,7,0,59,2.33,19,12,508,21,10,3,37,39,117,23.5,0.12,22,885,29,49,2487,1220,55,635,2,1,0,0,1
Bryan Mbeumo,FW,Brentford,21,"£20,000.00 ",35,2905,4,0,77,2.39,38,25,505,38,23,21,23,41,179,21.7,0.37,11,1221,35,74,4325,2390,63,846,0,0,0,0,0
Liam McCarron,FW,Leeds United,20,£769.00 ,1,10,0,0,0,0,0,0,3,0,0,0,0,0,1,,0,17,2,0,0,32,8,0,1,0,0,0,0,0
Eddie Nketiah,FW,Arsenal,22,"£45,000.00 ",21,835,3,0,28,3.02,12,7,178,7,6,7,21,16,43,17.6,0.43,1,373,10,27,1627,857,13,278,0,0,0,0,0
Divock Origi,FW,Liverpool,26,"£60,000.00 ",7,133,0,0,10,6.77,0,0,29,2,3,1,3,2,12,37.5,1.35,0,68,1,3,142,65,5,50,1,0,0,1,0
Teemu Pukki,FW,Norwich City,31,"£25,000.00 ",37,3253,4,0,68,1.88,24,11,702,21,17,4,44,29,124,12.9,0.11,9,845,30,65,2541,1461,50,531,0,0,0,0,0
Jay Rodriguez,FW,Burnley,32,"£35,000.00 ",29,1382,3,0,41,2.67,22,10,330,25,6,12,37,19,68,41.5,0.2,11,491,11,18,1308,634,13,336,1,0,0,1,0
Cristiano Ronaldo,FW,Manchester Utd,36,"£515,385.00 ",30,2456,8,0,108,3.96,10,8,182,12,5,31,16,26,101,45.3,0.33,5,1184,19,36,3435,2054,39,965,4,4,0,0,0
Salomon Rondon,FW,Everton,31,"£20,192.00 ",20,790,3,1,21,2.39,6,2,172,6,4,11,15,4,40,41.1,0.11,6,293,4,8,502,196,10,206,0,0,0,0,0
Mohamed Salah,FW,Liverpool,29,"£200,000.00 ",35,2762,1,0,134,4.37,17,7,448,13,15,4,13,30,176,22,0.81,32,1583,57,136,5374,3288,84,1310,0,0,0,0,0
Fabio Silva,FW,Wolves,19,"£80,000.00 ",22,572,0,0,19,2.99,6,5,149,1,4,2,14,8,33,28,0.16,26,215,5,21,865,548,17,150,1,0,0,0,1
Raheem Sterling,FW,Manchester City,26,"£300,000.00 ",30,2128,1,0,54,2.28,28,18,317,15,15,3,27,46,112,15.2,0.47,0,1202,49,109,4986,2979,72,1002,0,0,0,0,0
Ivan Toney,FW,Brentford,25,"£21,154.00 ",33,2909,8,0,83,2.57,31,20,457,31,21,43,61,84,145,51.7,0.31,2,1249,22,49,2364,1168,51,907,0,0,0,0,0
Cenk Tosun,FW,Everton,30,"£60,000.00 ",1,7,0,0,0,0,0,0,1,0,0,0,0,0,1,0,0,11,3,0,0,13,0,0,2,1,0,0,1,0
Jamie Vardy,FW,Leicester City,34,"£140,000.00 ",25,1806,2,0,53,2.64,7,4,275,10,7,16,14,13,43,36.8,0.25,26,414,11,21,1385,857,11,283,2,0,0,2,0
Matcj Vydra,FW,Burnley,29,"£35,000.00 ",22,679,1,0,19,2.52,12,8,159,5,3,9,13,11,24,23.5,0.4,0,212,5,10,340,157,13,153,1,0,1,0,0
Ollie Watkins,FW,Aston Villa,25,"£75,000.00 ",35,2952,7,0,77,2.35,17,14,578,42,17,26,38,48,104,42.3,0.24,13,1099,30,58,3147,1853,76,841,0,0,0,0,0
Wout Weghorst,FW,Burnley,28,"£32,692.00 ",20,1450,3,0,30,1.86,17,12,518,30,8,12,33,21,97,38.2,0.31,8,640,14,19,1120,357,33,442,1,0,0,0,1
Danny Welbeck,FW,Brighton,30,"£55,000.00 ",25,1478,0,0,43,2.62,14,12,262,20,5,17,19,19,51,41.6,0.24,7,500,13,26,1533,750,31,375,2,0,0,2,0
Callum Wilson,FW,Newcastle Utd,29,"£46,154.00 ",18,1386,4,0,32,2.08,8,6,190,9,4,12,31,26,40,27.8,0,6,366,14,25,775,432,29,257,2,0,0,2,0
Chris Wood,FW,Burnley,29,"£80,000.00 ",17,1367,1,0,31,2.04,11,8,198,16,4,6,14,9,41,52.1,0.13,12,452,5,9,641,259,15,356,0,0,0,0,0
Chris Wood,FW,Newcastle Utd,29,"£80,000.00 ",17,1327,0,0,20,1.36,4,3,248,8,2,8,22,13,51,53.3,0.14,4,460,4,11,450,194,11,364,1,0,1,0,0
Andriy Yarmolenko,FW,West Ham,31,"£115,000.00 ",19,316,1,0,11,3.13,3,0,60,5,1,1,1,5,17,33.3,0,6,149,3,8,683,377,5,119,1,1,0,0,0
Wilfried Zaha,FW,Crystal Palace,28,"£130,000.00 ",33,2760,6,1,62,2.02,48,35,617,27,24,4,41,124,212,26.8,0.39,0,1533,73,140,6599,3889,141,1162,1,0,1,0,0
Marc Albrighton,FWDF,Leicester City,31,"£45,000.00 ",17,1132,3,0,4,0.32,33,16,289,27,25,10,8,15,77,35.3,0.16,11,688,16,37,1733,810,12,402,0,0,0,0,0
Jacob Murphy,FWDF,Newcastle Utd,26,"£25,000.00 ",33,1473,4,0,28,1.71,41,17,320,31,33,20,24,17,123,27.7,0.31,5,776,15,28,3035,1936,27,430,0,0,0,0,0
Leon Bailey,FWMF,Aston Villa,23,"£65,385.00 ",18,761,3,0,21,2.48,19,12,145,13,3,3,13,12,43,36,0.35,3,355,14,23,1606,879,31,246,1,0,0,1,0
Harvey Barnes,FWMF,Leicester City,23,"£10,000.00 ",32,2101,2,0,67,2.87,31,13,295,26,10,6,22,27,131,34.2,0.56,13,1066,31,81,5235,3549,49,839,0,0,0,0,0
Said Benrahma,FWMF,West Ham,25,"£20,000.00 ",32,2168,0,0,63,2.62,35,23,377,22,12,7,11,22,167,40.5,0.33,4,1138,34,81,4739,2593,48,840,0,0,0,0,0
Steven Bergwijn,FWMF,Tottenham,23,"£75,000.00 ",25,565,1,0,19,3.03,5,4,84,4,4,9,9,12,30,14.3,0.48,1,274,10,18,1257,860,21,209,3,1,2,0,0
Emi Buendia,FWMF,Aston Villa,24,"£75,000.00 ",35,1899,1,0,44,2.09,52,31,441,24,18,6,26,53,172,33.8,0.47,5,1165,30,51,3777,2072,56,813,0,0,0,0,0
Maxwel Cornet,FWMF,Burnley,24,"£30,000.00 ",26,1766,2,0,46,2.34,20,11,303,14,11,16,23,23,114,36.4,0.31,8,681,13,44,1837,1050,37,436,1,0,1,0,0
Cucho Hernandez,FWMF,Watford,22,"£16,731.00 ",25,1147,3,0,35,2.75,16,5,260,12,11,10,19,13,89,44.3,0.47,5,557,23,42,1967,1081,17,359,0,0,0,0,0
Emmanuel Dennis,FWMF,Watford,23,"£13,077.00 ",33,2581,9,1,61,2.13,46,28,563,35,25,14,69,47,165,36.9,0.42,17,1101,73,164,4369,2877,75,737,0,0,0,0,0
Kieran Dowell,FWMF,Norwich City,23,"£7,500.00 ",19,912,0,0,8,0.79,17,7,270,10,9,2,26,4,49,31.7,0.1,3,421,4,9,1255,554,15,292,0,0,0,0,0
Pablo Fornals,FWMF,West Ham,25,"£67,308.00 ",36,2795,4,0,43,1.38,51,34,664,52,47,16,32,40,235,43.3,0.29,19,1709,25,54,5650,3018,32,1202,0,0,0,0,0
Ryan Fraser,FWMF,Newcastle Utd,27,"£35,000.00 ",27,1465,3,0,24,1.47,13,4,166,14,16,9,12,24,82,23.3,0.37,5,603,2,7,2128,1335,12,412,1,0,0,1,0
Joe Gelhardt,FWMF,Leeds United,19,"£16,538.00 ",20,746,4,0,22,2.65,12,6,204,8,4,3,21,28,41,20.5,0.72,2,290,14,29,871,569,22,197,0,0,0,0,0
Anwar El Ghazi,FWMF,Aston Villa,26,"£30,962.00 ",9,386,2,0,7,1.63,3,3,48,5,2,2,9,7,27,55,0.47,2,183,3,12,626,416,10,136,0,0,0,0,0
Jack Harrison,FWMF,Leeds United,24,"£15,000.00 ",35,2639,3,0,44,1.5,56,32,600,53,41,31,31,27,197,26.1,0.1,20,1444,49,104,6226,3841,69,984,0,0,0,0,0
Kai Havertz,FWMF,Chelsea,22,"£150,000.00 ",29,1809,3,0,56,2.79,21,13,352,37,6,30,43,31,87,39.6,0.35,11,975,21,43,3593,1837,46,756,2,1,0,0,1
Hwang Hee-chan,FWMF,Wolves,25,"£19,231.00 ",30,1816,2,0,29,1.44,28,14,272,14,25,8,32,44,104,23.8,0.15,4,870,31,58,4104,2214,36,667,1,0,0,1,0
Son Heung-min,FWMF,Tottenham,29,"£140,000.00 ",35,3006,2,0,86,2.57,19,12,383,32,29,11,17,46,168,23.8,0.45,20,1578,51,86,6634,3682,66,1093,2,0,2,0,0
Callum Hudson-Odoi,FWMF,Chelsea,20,"£120,000.00 ",15,962,1,0,17,1.59,13,6,158,13,5,5,12,22,55,29.4,0.56,3,505,19,30,2981,1866,22,394,1,0,0,1,0
Adam Idah,FWMF,Norwich City,20,"£5,000.00 ",17,625,0,0,14,2.02,11,6,93,4,4,8,10,12,34,30.8,0.14,3,235,12,16,932,337,17,162,1,0,0,1,0
Daniel James,FWMF,Leeds United,23,"£50,000.00 ",32,2366,7,1,52,1.98,35,17,580,24,19,12,37,44,123,23.5,0.19,18,786,18,44,3492,2164,37,525,0,0,0,0,0
Alexandre Lacazette,FWMF,Arsenal,30,"£182,115.00 ",30,1782,0,0,43,2.17,26,19,358,13,13,6,37,36,75,24.4,0.45,10,664,17,30,1579,847,27,499,2,0,1,0,1
Jesse Lingard,FWMF,Manchester Utd,28,"£75,000.00 ",16,367,1,0,8,1.96,11,6,110,3,4,1,6,5,26,0,0.25,22,203,2,9,637,382,6,154,0,0,0,0,0
Ademola Lookman,FWMF,Leicester City,23,"£39,231.00 ",26,1453,2,0,27,1.67,41,25,345,26,20,2,30,40,112,19,0.12,2,794,40,65,2772,1569,57,556,0,0,0,0,0
Gabriel Martinelli,FWMF,Arsenal,20,"£90,000.00 ",29,1860,3,1,50,2.42,30,19,341,41,21,15,26,25,116,35.7,0.53,36,911,31,60,4513,2571,40,619,0,0,0,0,0
Takumi Minamino,FWMF,Liverpool,26,"£75,000.00 ",11,186,1,0,7,3.39,3,2,64,1,3,1,4,4,9,42.9,0.48,35,101,1,6,299,145,2,83,1,0,1,0,0
Lucas Moura,FWMF,Tottenham,28,"£80,000.00 ",34,1775,4,0,38,1.93,29,14,278,18,22,21,26,53,139,59.3,0.46,28,1047,40,73,4036,2254,43,789,2,2,0,0,0
Pedro Neto,FWMF,Wolves,21,"£50,000.00 ",13,466,3,0,17,3.28,5,5,90,1,6,1,3,7,27,37.5,0.19,27,307,9,22,1532,977,13,232,0,0,0,0,0
Michael Olise,FWMF,Crystal Palace,19,"£47,500.00 ",26,1141,4,0,19,1.5,22,15,240,22,13,9,18,33,101,30,0.55,1,832,24,53,3544,2252,31,587,1,0,1,0,0
Cole Palmer,FWMF,Manchester City,19,"£13,462.00 ",4,123,0,0,4,2.93,2,2,29,2,2,0,2,1,7,100,0.73,0,76,1,3,265,139,4,62,1,0,0,1,0
Joao Pedro,FWMF,Watford,19,"£12,500.00 ",28,1644,1,0,47,2.57,22,17,337,28,19,18,17,38,115,36.5,0.22,5,908,51,98,3154,1809,68,648,0,0,0,0,0
Nicolas Pepe,FWMF,Arsenal,26,"£140,000.00 ",20,696,0,0,23,2.97,14,11,122,13,9,3,12,5,59,33.3,0.52,9,510,20,41,1642,839,24,355,0,0,0,0,0
Daniel Podence,FWMF,Wolves,25,"£60,000.00 ",26,1484,2,0,35,2.12,19,9,247,13,6,0,11,30,90,7.4,0.24,9,839,33,67,3736,2388,33,654,2,0,0,1,1
Przemyslaw Placheta,FWMF,Norwich City,23,"£6,154.00 ",12,504,1,0,8,1.43,5,3,115,7,9,5,2,8,34,23.1,0,0,223,6,10,998,567,15,138,1,0,0,1,0
Marcus Rashford,FWMF,Manchester Utd,23,"£200,000.00 ",25,1235,2,0,22,1.6,8,6,254,11,12,6,13,21,67,34.1,0.22,11,589,20,52,1927,1182,34,474,3,1,1,1,0
Milot Rashica,FWMF,Norwich City,25,"£30,769.00 ",31,2229,0,0,45,1.82,33,21,328,27,36,20,28,52,139,30.9,0.16,24,949,24,80,4671,3023,54,581,0,0,0,0,0
Richarlison,FWMF,Everton,24,"£90,000.00 ",30,2523,9,0,70,2.5,40,27,590,48,21,32,40,83,185,24.5,0.29,0,1053,33,71,3245,1782,75,665,2,0,0,2,0
Allan Saint-Maximin,FWMF,Newcastle Utd,24,"£38,462.00 ",35,2804,6,0,64,2.05,9,6,257,17,21,2,24,71,179,38.8,0.29,27,1222,140,230,8055,5125,119,942,3,1,2,0,0
Bukayo Saka,FWMF,Arsenal,19,"£30,000.00 ",38,2978,6,0,95,2.87,37,23,496,41,31,19,38,76,200,34.5,0.48,25,1671,49,100,7011,4694,63,1212,1,1,0,0,0
Jadon Sancho,FWMF,Manchester Utd,21,"£350,000.00 ",29,1900,0,0,26,1.23,18,13,276,28,24,5,7,9,145,8.3,0.38,0,1192,48,83,6057,4126,38,925,1,0,1,0,0
Josh Sargent,FWMF,Norwich City,21,"£12,115.00 ",26,1572,1,0,26,1.49,34,17,361,43,21,18,13,29,103,44.2,0.11,0,652,18,34,2094,996,35,404,1,0,0,0,1
Ismaila Sarr,FWMF,Watford,23,"£63,077.00 ",22,1861,2,0,38,1.84,14,7,398,21,16,13,21,47,105,36.1,0.15,4,759,35,68,3632,2416,56,560,3,0,2,1,0
Francisco Trincao,FWMF,Wolves,21,"£130,769.00 ",28,1336,0,0,31,2.09,29,15,338,21,15,1,16,23,95,20,0.13,3,683,44,92,2673,1583,25,483,1,0,0,0,1
Leandro Trossard,FWMF,Brighton,26,"£42,500.00 ",34,2805,2,0,72,2.31,37,24,478,42,29,8,28,39,196,23.8,0.32,8,1592,59,78,6773,3699,90,1196,3,2,1,0,0
Christos Tzolis,FWMF,Norwich City,19,"£19,231.00 ",14,336,0,0,6,1.61,6,2,69,4,2,2,3,5,25,18.2,0,3,145,0,4,613,392,4,102,1,0,1,0,0
Nikola Vlasic,FWMF,West Ham,23,"£70,000.00 ",19,560,0,0,7,1.13,13,11,150,6,10,2,9,19,44,35.3,0,1,290,7,12,1321,696,13,206,0,0,0,0,0
Timo Werner,FWMF,Chelsea,25,"£271,923.00 ",21,1283,1,0,45,3.16,7,4,248,11,4,3,13,15,72,29,0.28,23,563,13,34,2268,1177,28,440,2,0,1,0,1
Yoane Wissa,FWMF,Brentford,24,"£11,923.00 ",30,1284,0,0,33,2.31,14,8,190,16,9,8,11,27,67,49.1,0.28,6,427,17,24,1405,832,12,289,0,0,0,0,0
Hakim Ziyech,FWMF,Chelsea,28,"£100,000.00 ",23,1319,3,0,53,3.62,20,11,266,18,20,9,30,38,131,37.9,0.48,22,974,35,66,3390,1698,39,702,2,1,1,0,0
Alisson,GK,Liverpool,28,"£150,000.00 ",36,3240,0,0,0,0,0,0,6,1,0,1,0,5,224,,0.03,36,1462,2,3,2944,1615,0,829,1,0,0,0,1
Alphonse Areola,GK,West Ham,28,"£140,000.00 ",1,90,0,0,0,0,0,0,0,0,0,0,0,0,2,,0,1,42,0,0,48,12,0,20,0,0,0,0,0
Kepa Arrizabalaga,GK,Chelsea,26,"£150,000.00 ",4,360,0,0,0,0,0,0,0,0,0,0,0,1,16,,0,4,149,0,0,253,117,0,81,0,0,0,0,0
Daniel Bachmann,GK,Watford,27,"£3,269.00 ",12,1080,0,0,0,0,0,0,0,0,0,0,1,2,57,,0,12,394,1,1,926,587,0,145,0,0,0,0,0
Asmir Begovic,GK,Everton,34,"£18,077.00 ",3,270,0,0,0,0,0,0,0,0,0,2,0,0,11,,0,3,96,0,0,135,82,0,27,0,0,0,0,0
Jack Butland,GK,Crystal Palace,28,"£45,000.00 ",9,765,0,0,0,0,0,0,0,0,0,0,0,2,28,,0,8,295,0,0,577,211,0,137,0,0,0,0,0
Willy Caballero,GK,Southampton,39,"£17,115.00 ",2,180,1,0,0,0,0,0,0,0,0,1,0,0,6,,0,2,68,0,0,224,114,0,34,0,0,0,0,0
Karl Darlow,GK,Newcastle Utd,30,"£25,000.00 ",8,720,1,0,0,0,0,0,0,0,0,1,1,2,31,,0,8,269,0,0,546,294,0,93,1,0,0,0,1
Martin Dubravka,GK,Newcastle Utd,32,"£38,077.00 ",26,2340,1,0,0,0,0,0,5,0,0,0,0,6,106,,0,26,897,0,0,2277,1186,0,325,2,0,1,1,0
Ederson,GK,Manchester City,27,"£65,000.00 ",37,3330,3,0,0,0,0,0,5,0,0,0,1,7,121,,0,37,1148,0,0,2840,1749,0,717,0,0,0,0,0
Lukasz Fabianski,GK,West Ham,36,"£65,000.00 ",37,3330,2,0,0,0,0,0,1,0,0,0,1,7,142,,0,37,1078,0,0,2341,1215,0,410,0,0,0,0,0
Alvaro Fernandez,GK,Brentford,23,"£8,462.00 ",12,1080,0,0,0,0,0,0,0,0,0,0,0,3,68,,0,12,533,0,0,1204,730,0,273,0,0,0,0,0
Fraser Forster,GK,Southampton,33,"£70,000.00 ",19,1710,1,0,0,0,1,0,3,0,0,4,0,3,79,,0,19,679,0,0,1646,862,0,265,1,0,1,0,0
Ben Foster,GK,Watford,38,"£30,000.00 ",26,2340,0,0,0,0,0,0,7,0,0,6,1,4,131,,0.04,26,926,0,0,2151,1370,0,338,0,0,0,0,0
David de Gea,GK,Manchester Utd,30,"£375,000.00 ",38,3420,0,0,0,0,0,0,1,0,0,0,0,1,113,,0,38,1011,0,0,1588,732,0,377,0,0,0,0,0
Vicente Guaita,GK,Crystal Palace,34,"£76,923.00 ",30,2655,2,0,0,0,0,0,1,0,0,0,1,2,148,,0,29,1038,0,0,2066,995,0,483,0,0,0,0,0
Angus Gunn,GK,Norwich City,25,"£25,000.00 ",9,810,0,0,0,0,0,0,2,0,0,1,0,0,39,,0,9,331,0,0,476,302,0,106,0,0,0,0,0
Wayne Hennessey,GK,Burnley,34,"£11,923.00 ",2,180,0,0,0,0,0,0,1,0,0,0,0,1,12,,0,2,87,0,0,158,127,0,23,0,0,0,0,0
Caoimhin Kelleher,GK,Liverpool,22,"£5,962.00 ",2,180,0,0,0,0,0,0,0,0,0,0,0,1,11,,0,2,94,0,0,160,93,0,54,1,0,0,1,0
Kristoffer Klaesson,GK,Leeds United,20,"£10,962.00 ",1,36,0,0,0,0,0,0,0,0,0,0,0,0,2,,0,7,14,0,0,28,11,0,4,0,0,0,0,0
Tim Krul,GK,Norwich City,33,"£25,000.00 ",29,2610,1,0,0,0,0,0,9,1,0,0,0,1,146,,0,15,1144,0,0,2202,1225,0,504,0,0,0,0,0
Bernd Leno,GK,Arsenal,29,"£100,000.00 ",4,360,0,0,0,0,0,0,0,0,0,0,0,0,16,,0,2,125,0,0,290,112,0,47,0,0,0,0,0
Hugo Lloris,GK,Tottenham,34,"£100,000.00 ",38,3420,2,0,0,0,0,0,4,0,0,0,0,3,156,0,0.05,0,1043,0,0,1760,873,0,370,0,0,0,0,0
Jonas Lossl,GK,Brentford,32,"£1,731.00 ",2,180,0,0,0,0,0,0,0,0,0,0,0,0,8,,0,8,66,0,0,214,140,0,35,1,0,1,0,0
Emiliano Martinez,GK,Aston Villa,28,"£47,500.00 ",36,3240,4,0,0,0,0,0,2,0,1,1,0,8,164,0,0.03,11,1141,1,1,2547,1431,0,439,1,0,1,0,0
Alex McCarthy,GK,Southampton,31,"£50,000.00 ",17,1530,1,0,0,0,0,0,0,0,0,0,0,1,61,,0,32,546,0,0,910,527,0,229,1,0,0,1,0
Edouard Mendy,GK,Chelsea,29,"£51,923.00 ",34,3060,3,0,0,0,0,0,3,0,0,1,1,3,131,,0,7,1011,0,0,1792,725,0,526,2,0,1,0,1
Illan Meslier,GK,Leeds United,21,"£21,923.00 ",38,3384,2,0,0,0,0,0,5,0,0,2,0,9,161,,0,1,1492,2,2,3286,1666,1,723,0,0,0,0,0
Robin Olsen,GK,Aston Villa,31,"£19,231.00 ",1,90,0,0,0,0,0,0,0,0,0,0,0,0,6,,1,4,49,0,0,58,43,0,13,0,0,0,0,0
Jordan Pickford,GK,Everton,27,"£100,000.00 ",35,3150,2,0,0,0,1,0,7,2,0,1,0,6,168,,0.03,7,1243,1,1,4042,2240,0,478,1,0,1,0,0
Nick Pope,GK,Burnley,29,"£35,000.00 ",36,3240,1,0,0,0,0,0,1,0,0,4,0,4,188,,0,0,1212,1,1,3150,1881,0,328,1,0,0,0,1
Aaron Ramsdale,GK,Arsenal,23,"£71,154.00 ",34,3060,1,0,0,0,0,0,3,0,0,2,0,7,183,0,0.03,14,1249,2,2,3537,1851,0,606,0,0,0,0,0
David Raya,GK,Brentford,25,"£25,000.00 ",24,2160,1,0,0,0,0,0,1,1,0,0,1,2,126,,0,14,1112,0,0,2780,1355,0,550,1,0,0,1,0
John Ruddy,GK,Wolves,34,"£5,769.00 ",2,135,0,0,0,0,0,0,0,0,0,0,0,0,2,,0,33,36,0,0,39,18,0,9,0,0,0,0,0
Jose Sa,GK,Wolves,28,"£28,654.00 ",37,3285,3,0,0,0,1,0,10,1,0,3,3,13,220,,0.03,20,1201,2,2,3186,1743,0,399,1,0,0,1,0
Robert Sanchez,GK,Brighton,23,"£10,000.00 ",37,3329,3,1,0,0,0,0,5,2,0,0,0,3,166,,0,11,1596,0,0,4107,2426,0,914,0,0,0,0,0
Kasper Schmeichel,GK,Leicester City,34,"£130,000.00 ",37,3330,2,0,0,0,0,0,2,0,0,1,0,2,159,0,0.05,4,1353,1,1,2453,1104,0,574,0,0,0,0,0
Jason Steele,GK,Brighton,30,"£15,962.00 ",1,90,0,0,0,0,0,0,0,0,0,0,0,0,3,,0,1,42,0,0,90,36,0,28,1,0,0,0,1
Zack Steffen,GK,Manchester City,26,"£46,000.00 ",1,90,0,0,0,0,0,0,0,0,0,0,0,0,7,,0,1,41,0,0,58,23,0,20,1,0,0,0,1
Danny Ward,GK,Leicester City,28,"£20,000.00 ",1,90,0,0,0,0,0,0,0,0,0,0,0,0,2,,1,27,38,0,0,70,17,0,18,1,0,0,1,0
Thiago Alcantara,MF,Liverpool,30,"£200,000.00 ",25,1534,2,0,25,1.47,58,40,319,26,35,18,25,26,217,69.8,0.35,5,1666,15,24,5540,2957,14,1264,4,0,2,2,0
Allan,MF,Everton,30,"£70,000.00 ",28,2183,7,1,7,0.29,77,61,648,46,42,40,39,28,272,48,0.25,17,1235,16,24,3839,2018,31,657,0,0,0,0,0
Dele Alli,MF,Everton,25,"£100,000.00 ",11,338,3,0,3,0.8,15,10,127,9,10,7,11,7,39,42.1,0.27,0,232,4,10,659,352,14,135,0,0,0,0,0
Steven Alzate,MF,Brighton,22,"£15,000.00 ",9,404,0,0,1,0.22,9,8,79,5,14,10,6,8,61,36.8,0.22,1,287,5,6,759,403,4,175,2,0,1,1,0
Stuart Armstrong,MF,Southampton,29,"£50,000.00 ",25,1473,1,0,38,2.32,26,15,266,17,14,15,11,24,147,18.5,0.12,8,938,26,57,4564,2337,25,672,1,0,0,1,0
Shandon Baptiste,MF,Brentford,23,"£11,923.00 ",22,910,2,1,12,1.19,7,4,204,15,21,11,7,15,82,33.3,0.2,3,412,14,19,1522,852,12,266,0,0,0,0,0
Ross Barkley,MF,Chelsea,27,"£96,154.00 ",6,179,0,0,9,4.53,1,1,18,1,2,0,2,7,12,75,1.51,0,152,5,6,880,539,6,127,0,0,0,0,0
Donny van de Beek,MF,Manchester Utd,24,"£120,000.00 ",8,75,0,0,2,2.4,5,3,16,2,2,2,4,2,11,50,0,0,53,3,4,59,23,4,30,0,0,0,0,0
Donny van de Beek,MF,Everton,24,"£120,000.00 ",7,483,1,0,5,0.93,15,9,100,7,9,5,11,1,63,66.7,0,3,298,4,9,642,284,7,183,2,2,0,0,0
Rodrigo Bentancur,MF,Tottenham,24,"£75,000.00 ",17,1361,5,0,14,0.93,37,15,327,32,18,28,29,19,133,62.5,0.46,10,1181,13,18,4113,2088,15,887,2,1,1,0,0
Johann Berg Gudmundsson,MF,Burnley,30,"£30,000.00 ",18,1102,2,0,19,1.55,19,9,170,18,17,21,17,16,96,56.8,0.16,5,492,14,22,1682,815,18,302,3,0,2,0,1
Yves Bissouma,MF,Brighton,24,"£25,000.00 ",26,2111,10,0,21,0.9,73,50,415,43,55,51,34,29,251,55.3,0.17,18,1484,31,44,5868,2771,30,971,1,0,1,0,0
Josh Brownhill,MF,Burnley,25,"£40,000.00 ",35,2955,10,0,29,0.88,73,41,540,51,79,49,49,29,364,58.3,0.12,31,1523,15,23,3092,1268,21,785,1,0,0,0,1
Moises Caicedo,MF,Brighton,19,"£3,462.00 ",8,660,2,0,10,1.36,20,12,141,13,12,11,9,16,84,64.7,0.27,4,357,9,13,994,544,7,209,1,1,0,0,0
Tom Cleverley,MF,Watford,31,"£50,000.00 ",28,1616,2,0,13,0.72,34,27,372,28,27,19,37,21,134,32.7,0.17,5,781,4,8,1337,571,11,442,0,0,0,0,0
Jack Cork,MF,Burnley,32,"£38,077.00 ",20,1670,4,0,7,0.38,17,8,343,26,34,27,40,14,185,59,0,14,723,10,13,1528,643,18,398,0,0,0,0,0
Luke Cundle,MF,Wolves,19,"£11,538.00 ",4,180,0,0,0,0,4,3,43,1,2,2,6,1,16,0,0,1,118,0,1,333,160,1,87,0,0,0,0,0
Tom Davies,MF,Everton,23,"£25,000.00 ",6,234,1,0,6,2.31,4,2,49,4,8,7,4,3,20,62.5,0,1,120,2,3,259,112,1,71,1,0,0,1,0
Kevin De Bruyne,MF,Manchester City,30,"£400,000.00 ",30,2201,2,0,77,3.15,22,14,361,34,14,18,25,36,174,34.1,0.57,16,1822,24,42,6188,4004,32,1364,2,0,0,1,1
Fabian Delph,MF,Everton,31,"£80,000.00 ",11,662,2,0,2,0.27,19,13,127,13,19,9,11,7,83,50,0,2,384,6,7,1013,382,2,228,2,0,0,2,0
Leander Dendoncker,MF,Wolves,26,"£90,000.00 ",30,1950,4,0,23,1.06,45,24,442,47,24,33,20,6,179,51.3,0.37,17,1013,7,14,2343,907,8,652,0,0,0,0,0
Kiernan Dewsbury Hall,MF,Leicester City,22,"£18,654.00 ",28,2105,4,0,21,0.9,40,25,468,46,27,28,28,41,210,46.9,0.26,19,1509,26,45,6527,3689,50,1083,1,1,0,0,0
Ibrahima Diallo,MF,Southampton,22,"£55,000.00 ",23,1023,1,0,8,0.7,27,20,229,10,17,9,13,17,101,46.4,0.35,7,543,19,26,1924,983,15,366,0,0,0,0,0
Moussa Djenepo,MF,Southampton,23,"£55,000.00 ",12,457,3,0,11,2.17,13,8,104,9,9,3,12,11,54,22.2,0.2,2,252,13,27,1058,748,15,156,0,0,0,0,0
Abdoulaye Doucoure,MF,Everton,28,"£75,000.00 ",30,2537,6,0,34,1.21,76,45,656,42,41,33,54,20,355,45.8,0.25,27,1389,19,39,4095,2244,19,779,1,0,0,1,0
Harvey Elliott,MF,Liverpool,18,"£15,000.00 ",6,346,0,0,10,2.6,3,1,94,9,3,4,2,7,45,20,0.26,2,301,2,7,1126,672,2,226,1,0,0,1,0
Mohamed Elneny,MF,Arsenal,29,"£50,000.00 ",14,806,1,0,8,0.89,17,9,108,9,18,12,5,7,94,50,0.22,8,625,0,1,1844,791,2,455,0,0,0,0,0
Christian Eriksen,MF,Brentford,29,"£23,462.00 ",11,939,1,0,22,2.11,18,10,150,13,10,11,6,4,85,40,0.67,10,743,7,17,2225,1290,10,481,0,0,0,0,0
Oghenekaro Etebo,MF,Watford,25,"£16,538.00 ",9,401,3,0,3,0.67,12,10,65,5,8,6,9,4,35,50,0,3,194,4,6,650,292,4,116,1,0,0,1,0
Fabinho,MF,Liverpool,27,"£180,000.00 ",29,2314,7,0,19,0.74,57,37,413,51,56,30,49,39,312,61.6,0.19,21,1786,8,11,4499,2154,16,1208,1,0,1,0,0
Bruno Fernandes,MF,Manchester Utd,26,"£240,000.00 ",36,3111,10,0,87,2.52,59,45,610,29,38,40,44,60,258,41.1,0.29,26,2422,23,51,7564,4247,48,1776,1,1,0,0,0
Adam Forshaw,MF,Leeds United,29,"£20,000.00 ",22,1530,5,0,14,0.82,51,28,408,19,30,19,38,21,190,46.4,0.06,13,971,9,16,3110,1403,17,624,1,0,0,1,0
Fred,MF,Manchester Utd,28,"£120,000.00 ",28,2028,5,0,15,0.67,66,38,554,47,49,30,43,35,253,53.3,0.36,14,1605,17,33,3897,1946,29,1092,2,0,1,0,1
Conor Gallagher,MF,Crystal Palace,21,"£31,923.00 ",34,2845,10,0,52,1.64,69,44,781,56,43,27,84,72,277,46.7,0.41,26,1588,45,71,4793,2025,54,939,0,0,0,0,0
Billy Gilmour,MF,Norwich City,20,"£43,269.00 ",24,1855,2,0,18,0.87,48,22,495,23,33,32,45,21,177,31.6,0.05,15,1399,15,25,4486,1953,12,928,1,0,1,0,0
Andre Gomes,MF,Everton,28,"£112,308.00 ",14,619,3,0,14,2.04,15,9,198,13,11,3,33,8,82,31.6,0.29,2,372,12,15,1032,526,15,226,1,0,0,1,0
Dan Gosling,MF,Watford,31,"£35,000.00 ",4,166,0,0,2,1.08,2,1,28,1,1,3,3,6,20,62.5,0,1,85,0,0,259,107,2,52,0,0,0,0,0
Bruno Guimaraes,MF,Newcastle Utd,23,"£120,000.00 ",17,1034,4,0,22,1.91,51,39,299,27,19,9,22,46,121,33.3,0.26,7,716,17,32,2777,1170,33,468,0,0,0,0,0
Ilkay Gundogan,MF,Manchester City,30,"£140,000.00 ",27,1857,1,0,55,2.67,21,11,196,19,27,10,17,17,132,46.4,0.34,15,1512,21,32,5295,2409,26,1201,1,0,1,0,0
Jordan Henderson,MF,Liverpool,31,"£140,000.00 ",35,2597,3,0,31,1.07,37,24,467,31,43,17,33,13,322,53.5,0.38,18,2403,17,26,7063,3187,13,1846,1,0,1,0,0
Will Hughes,MF,Crystal Palace,26,"£53,846.00 ",16,1053,6,0,6,0.51,29,15,212,25,22,14,24,20,120,48.7,0.26,5,649,6,13,1665,786,11,377,0,0,0,0,0
Pierre Hojbjerg,MF,Tottenham,25,"£101,923.00 ",36,3196,3,0,31,0.87,84,49,669,73,70,61,44,47,375,63.6,0.14,33,2845,40,57,8842,4451,27,2068,0,0,0,0,0
Vitaly Janelt,MF,Brentford,23,"£10,000.00 ",31,2298,3,0,30,1.17,62,35,487,43,44,34,31,35,239,57.6,0.16,13,1256,17,22,3487,1743,12,747,0,0,0,0,0
Curtis Jones,MF,Liverpool,20,"£7,500.00 ",15,851,0,0,19,2.01,12,9,212,5,10,2,12,26,76,41.2,0.21,4,694,18,28,3090,1490,21,563,1,0,0,1,0
Jorginho,MF,Chelsea,29,"£110,000.00 ",29,2273,5,0,9,0.36,68,46,488,35,60,21,39,44,267,40,0.32,18,2087,13,17,5730,2843,22,1564,1,1,0,0,0
NGolo Kante,MF,Chelsea,30,"£289,423.00 ",26,1773,2,0,17,0.86,57,34,385,37,44,14,30,26,176,48.6,0.66,11,1521,31,46,5857,3347,34,1155,6,0,4,0,2
Edo Kayembe,MF,Watford,22,"£14,808.00 ",13,799,0,0,6,0.68,21,15,127,13,14,20,6,8,104,36.7,0,4,521,5,12,2203,1038,11,322,0,0,0,0,0
Naby Keita,MF,Liverpool,26,"£120,000.00 ",23,1173,3,0,26,1.99,47,28,321,24,20,4,30,14,128,33.3,0.46,4,930,15,25,3079,1814,10,669,2,0,1,1,0
Mateusz Klich,MF,Leeds United,31,"£7,692.00 ",33,2073,5,0,42,1.82,49,26,595,24,31,24,45,19,226,28.6,0.26,15,1244,19,29,4458,2115,31,827,1,0,0,0,1
Cheikhou Kouyate,MF,Crystal Palace,31,"£65,000.00 ",27,1974,3,0,8,0.36,60,34,393,59,45,54,37,30,259,67.5,0.05,11,1064,13,20,2341,1041,18,534,0,0,0,0,0
Mateo Kovacic,MF,Chelsea,27,"£150,000.00 ",25,1558,4,0,22,1.27,52,40,379,18,20,13,30,35,162,35.7,0.35,12,1373,31,39,5756,3000,30,1076,3,0,1,1,1
Alex Kral,MF,West Ham,23,"£20,769.00 ",1,1,0,0,0,0,0,0,2,0,0,0,0,0,2,50,0,29,2,0,0,4,0,0,0,0,0,0,0,0
Juraj Kucka,MF,Watford,34,"£22,115.00 ",26,1920,5,1,46,2.16,74,47,423,39,46,50,53,49,235,48.7,0.09,4,1037,21,36,2563,1322,29,524,1,0,1,0,0
Adam Lallana,MF,Brighton,33,"£90,385.00 ",24,1561,4,0,20,1.15,38,22,303,26,27,15,14,23,186,51.9,0.17,7,1117,19,30,3255,1461,20,792,3,0,3,0,0
Pierre Lees-Melou,MF,Norwich City,28,"£31,154.00 ",33,2265,5,0,33,1.31,65,40,650,41,42,19,50,25,230,39.5,0.04,8,1271,15,33,4104,1927,10,829,0,0,0,0,0
Aaron Lennon,MF,Burnley,34,"£10,577.00 ",28,1551,2,0,12,0.7,38,18,348,32,15,13,23,25,91,27.8,0.29,4,564,15,37,1833,940,16,346,0,0,0,0,0
Sean Longstaff,MF,Newcastle Utd,23,£962.00 ,24,1464,1,0,15,0.92,51,33,427,27,20,22,26,20,156,48.3,0.25,3,775,3,5,2180,743,23,447,0,0,0,0,0
Imran Louza,MF,Watford,22,"£27,500.00 ",20,1416,6,0,17,1.08,51,32,345,23,48,22,35,17,192,39.3,0.06,17,897,13,27,2586,1259,10,442,1,0,0,1,0
Douglas Luiz,MF,Aston Villa,23,"£32,692.00 ",34,2715,7,0,23,0.76,64,43,524,44,61,29,51,45,285,54.4,0.27,11,1783,15,35,5351,2433,24,1088,0,0,0,0,0
Juan Mata,MF,Manchester Utd,33,"£160,000.00 ",7,235,0,0,5,1.91,7,6,51,1,2,2,2,4,29,0,0,1,240,4,5,908,440,6,192,0,0,0,0,0
Nemanja Matic,MF,Manchester Utd,32,"£120,000.00 ",23,1382,3,0,6,0.39,34,28,232,34,32,31,32,7,165,61.8,0.33,31,1185,11,13,4583,2840,17,827,1,0,1,0,0
James McArthur,MF,Crystal Palace,33,"£55,000.00 ",21,1439,4,0,9,0.56,37,26,376,34,34,42,31,22,201,49.3,0.19,0,1119,17,23,3914,1849,22,696,0,0,0,0,0
John McGinn,MF,Aston Villa,26,"£25,000.00 ",35,3090,8,0,43,1.25,104,61,560,61,52,38,70,98,288,59.5,0.15,0,1752,41,63,5315,2954,37,1065,0,0,0,0,0
Kenny McLean,MF,Norwich City,29,"£25,000.00 ",31,2706,3,0,34,1.13,41,24,516,32,55,55,23,45,229,55.5,0.07,26,1358,17,32,4154,1911,20,878,0,0,0,0,0
Dwight McNeil,MF,Burnley,21,"£5,000.00 ",38,3107,1,0,52,1.51,68,36,680,82,67,20,22,49,272,45.5,0.14,20,1597,75,137,7885,3763,62,960,0,0,0,0,0
Scott McTominay,MF,Manchester Utd,24,"£60,000.00 ",30,2387,9,0,27,1.02,69,33,490,48,47,65,58,47,286,67,0.23,20,1584,33,45,5967,2941,32,1008,3,0,3,0,0
Nampalys Mendy,MF,Leicester City,29,"£55,000.00 ",14,1032,3,0,1,0.09,16,12,155,16,13,9,22,21,111,37.5,0.26,37,737,3,8,2658,1098,14,554,2,0,0,2,0
Luka Milivojevic,MF,Crystal Palace,30,"£55,000.00 ",15,774,1,0,8,0.93,21,13,137,9,9,21,17,12,96,68,0.12,4,555,2,3,1062,474,1,330,0,0,0,0,0
Joao Moutinho,MF,Wolves,34,"£100,000.00 ",35,2970,4,0,20,0.61,76,54,608,52,48,35,49,23,356,40,0.12,0,2259,17,25,6357,3246,27,1478,0,0,0,0,0
Marvelous Nakamba,MF,Aston Villa,27,"£32,500.00 ",16,904,5,0,0,0,31,19,209,16,23,16,22,10,107,50,0,16,476,7,10,1203,457,9,261,1,0,0,1,0
Ruben Neves,MF,Wolves,24,"£50,000.00 ",33,2661,9,0,42,1.42,67,43,541,43,55,54,33,18,311,53.1,0.1,5,2235,28,39,6333,3130,23,1590,1,0,0,0,1
Mark Noble,MF,West Ham,34,"£50,000.00 ",11,332,0,0,0,0,11,7,53,4,5,3,5,7,31,50,0,10,305,1,1,817,347,2,237,0,0,0,0,0
Mathias Normann,MF,Norwich City,25,"£20,385.00 ",23,1645,6,0,26,1.42,38,24,324,26,25,43,49,30,189,68.1,0.16,30,991,20,28,3002,1531,21,572,1,0,0,1,0
Christian Norgaard,MF,Brentford,27,"£20,000.00 ",35,3054,8,0,27,0.8,130,80,691,59,85,57,73,38,439,45.9,0.18,10,2053,13,24,4235,2088,26,1123,0,0,0,0,0
Frank Onyeka,MF,Brentford,23,"£18,462.00 ",20,1045,4,0,16,1.38,30,16,253,20,15,13,43,27,95,37.5,0.09,0,469,9,14,1652,864,18,272,0,0,0,0,0
Thomas Partey,MF,Arsenal,28,"£200,000.00 ",24,2028,6,0,44,1.95,55,41,291,28,33,32,40,22,231,46,0.13,10,1425,29,40,4802,2504,20,996,2,0,0,2,0
Kalvin Phillips,MF,Leeds United,25,"£4,423.00 ",20,1596,4,0,15,0.85,65,43,504,42,34,30,43,24,215,46.9,0.23,0,1172,8,13,3178,1191,18,710,1,0,0,1,0
Jacob Ramsey,MF,Aston Villa,20,"£7,500.00 ",34,2467,6,0,34,1.24,66,41,547,41,38,27,41,52,178,38.6,0.11,3,1388,24,40,6578,3665,45,992,0,0,0,0,0
Declan Rice,MF,West Ham,22,"£3,077.00 ",36,3179,8,0,26,0.74,77,53,476,60,95,53,35,21,366,63.2,0.23,0,2508,37,61,12848,6605,29,1768,0,0,0,0,0
Jairo Riedewald,MF,Crystal Palace,24,"£55,000.00 ",3,118,0,0,0,0,2,2,11,4,0,2,1,0,12,0,0,13,66,0,2,187,73,1,41,0,0,0,0,0
Rodri,MF,Manchester City,25,"£121,154.00 ",33,2884,5,0,45,1.4,65,46,481,48,40,54,50,37,415,73.4,0.09,16,3096,9,18,9213,4710,28,2382,0,0,0,0,0
Oriol Romeu,MF,Southampton,29,"£65,000.00 ",36,2889,9,0,25,0.78,81,54,564,45,67,52,55,26,412,55.7,0.12,21,1996,24,36,6140,3203,20,1263,0,0,0,0,0
Lukas Rupp,MF,Norwich City,30,"£22,500.00 ",19,769,0,0,12,1.4,10,8,172,8,17,4,11,11,94,42.9,0,36,495,13,18,1702,853,23,348,0,0,0,0,0
Albert Sambi Lokonga,MF,Arsenal,21,"£50,000.00 ",19,1134,5,0,20,1.59,22,13,138,18,23,18,17,17,124,47.7,0,17,930,4,7,3861,2091,7,689,1,0,0,0,1
Morgan Sanson,MF,Aston Villa,26,"£48,077.00 ",10,356,0,0,1,0.25,12,8,135,15,11,2,6,15,34,40,0,16,219,6,7,1064,546,11,139,0,0,0,0,0
Jonjo Shelvey,MF,Newcastle Utd,29,"£70,000.00 ",24,1983,7,1,29,1.32,28,14,287,28,35,33,20,11,213,48.1,0.09,0,1098,9,12,2848,1105,9,646,3,0,2,1,0
Moussa Sissoko,MF,Watford,31,"£80,000.00 ",36,3220,5,0,25,0.7,59,40,505,53,44,72,45,16,385,59.4,0.11,12,1532,45,65,5085,2730,53,845,0,0,0,0,0
Oliver Skipp,MF,Tottenham,20,"£15,000.00 ",18,1350,6,0,4,0.27,33,18,275,25,19,14,20,23,133,46.2,0.2,0,952,2,3,3122,1712,13,690,1,0,0,1,0
Tomas Soucek,MF,West Ham,26,"£67,308.00 ",35,3062,3,0,45,1.32,68,41,483,49,55,119,49,20,331,49.5,0.12,6,1745,8,20,3994,1767,17,1035,0,0,0,0,0
Boubakary Soumare,MF,Leicester City,22,"£99,038.00 ",19,1102,0,0,6,0.49,24,13,250,13,17,19,20,21,108,67.4,0.16,27,692,9,18,1938,803,20,488,0,0,0,0,0
Dale Stephens,MF,Burnley,32,"£37,500.00 ",3,124,1,0,1,0.73,7,2,41,4,2,1,4,1,19,33.3,0,8,74,0,0,116,34,0,36,0,0,0,0,0
Youri Tielemans,MF,Leicester City,24,"£33,077.00 ",32,2631,3,0,57,1.95,67,49,489,47,41,42,53,50,261,52.6,0.41,18,2084,17,28,4484,2616,36,1506,1,0,0,1,0
Andros Townsend,MF,Everton,30,"£21,538.00 ",21,1455,3,0,20,1.24,29,15,302,44,21,6,10,44,120,18.5,0.25,5,715,24,43,2805,1483,30,429,1,0,0,1,0
James Ward-Prowse,MF,Southampton,26,"£45,000.00 ",36,3215,3,1,51,1.43,47,26,551,65,60,44,30,30,414,45.9,0.2,28,2454,15,25,4876,2196,27,1397,0,0,0,0,0
Ashley Westwood,MF,Burnley,31,"£35,962.00 ",27,2287,7,0,14,0.55,30,23,434,19,43,20,32,25,268,32.3,0.28,32,1405,11,20,2899,1326,15,820,1,0,0,1,0
Joe Willock,MF,Newcastle Utd,21,"£20,000.00 ",29,2038,0,0,34,1.5,69,44,535,38,30,16,41,32,147,34.5,0.18,11,842,30,68,3542,1983,39,495,3,1,1,0,1
Harry Winks,MF,Tottenham,25,"£50,000.00 ",19,912,2,0,3,0.3,17,7,145,18,19,8,12,16,75,41.7,0.39,5,756,5,11,2585,1095,12,581,0,0,0,0,0
Martin Odegaard,MF,Arsenal,22,"£137,308.00 ",36,2785,4,0,53,1.71,43,25,574,18,22,12,32,23,230,40.5,0.39,,1870,22,42,6775,3612,49,1391,0,0,0,0,0
Fernandinho,MFDF,Manchester City,36,"£150,000.00 ",19,964,1,0,18,1.68,23,16,130,6,14,23,22,16,109,58.3,0.37,7,906,8,9,3121,1510,9,720,0,0,0,0,0
Pascal Grob,MFDF,Brighton,30,"£50,000.00 ",29,2038,1,0,23,1.02,31,21,401,39,16,24,19,11,184,37.5,0.31,14,1506,10,19,4207,1915,24,993,1,0,0,0,1
Isaac Hayden,MFDF,Newcastle Utd,26,"£21,923.00 ",14,1002,5,0,6,0.54,34,18,194,22,20,30,24,9,77,61.5,0,9,461,8,13,845,362,10,242,1,0,0,1,0
Alex Iwobi,MFDF,Everton,25,"£50,000.00 ",28,2035,1,0,24,1.06,46,28,519,45,40,23,21,10,148,20,0.27,15,1052,32,58,4013,2306,33,667,1,0,1,0,0
Robin Koch,MFDF,Leeds United,25,"£46,154.00 ",20,1574,3,0,12,0.69,31,20,299,33,34,46,25,11,168,53.5,0.06,1,862,4,5,1558,702,7,495,3,0,1,1,1
Ruben Loftus-Cheek,MFDF,Chelsea,25,"£60,000.00 ",24,1394,1,0,19,1.23,31,20,251,21,15,22,24,51,156,77.4,0.45,4,1184,35,53,4797,3068,38,897,2,0,1,0,1
James Milner,MFDF,Liverpool,35,"£140,000.00 ",24,853,2,0,10,1.06,35,23,172,20,22,22,17,20,109,56,0.11,8,875,3,5,1926,1005,10,599,2,0,1,1,0
Wilfred Ndidi,MFDF,Leicester City,24,"£75,000.00 ",19,1618,4,0,15,0.83,70,47,410,32,45,69,34,26,249,62.2,0.11,1,1180,7,10,2943,1184,14,668,1,0,0,1,0
Saul Niguez,MFDF,Chelsea,26,"£198,269.00 ",10,480,1,0,5,0.94,15,8,103,13,14,7,13,1,44,40.9,0,4,428,3,6,884,352,11,293,0,0,0,0,0
Jakob Sorensen,MFDF,Norwich City,23,"£10,000.00 ",10,604,0,0,5,0.75,25,16,125,12,15,15,7,1,56,53.8,0,4,371,4,4,1132,581,3,227,0,0,0,0,0
Granit Xhaka,MFDF,Arsenal,28,"£100,000.00 ",27,2327,10,1,27,1.04,39,24,300,36,31,28,35,23,248,55.4,0.12,0,1767,18,25,5584,2806,24,1297,1,0,0,1,0
Dele Alli,MFFW,Tottenham,25,"£100,000.00 ",10,657,1,0,4,0.55,19,7,209,25,17,12,13,15,46,45.8,0.14,5,331,5,18,908,446,18,199,0,0,0,0,0
Miguel Almiron,MFFW,Newcastle Utd,27,"£42,308.00 ",30,1716,2,0,32,1.68,57,33,432,22,25,12,20,27,122,21.7,0.26,5,742,18,37,3263,1485,33,476,0,0,0,0,0
Carney Chukwuemeka,MFFW,Aston Villa,17,"£1,538.00 ",12,301,0,0,4,1.2,3,2,86,3,4,1,4,10,25,33.3,0.3,0,160,3,9,674,330,5,122,0,0,0,0,0
Philippe Coutinho,MFFW,Aston Villa,29,"£125,000.00 ",19,1329,0,0,43,2.91,20,11,221,17,8,3,10,22,93,21.4,0.41,5,824,27,42,3264,1962,25,637,1,0,0,0,1
Mohamed Elyounoussi,MFFW,Southampton,26,"£60,000.00 ",30,2042,4,0,43,1.9,46,33,499,37,19,24,38,28,167,36.5,0.22,12,954,18,37,3779,1991,52,620,0,0,0,0,0
Eberechi Eze,MFFW,Crystal Palace,23,"£30,000.00 ",13,605,1,0,10,1.49,10,5,86,7,8,1,7,14,54,52.2,0.3,2,389,11,20,1461,771,16,267,0,0,0,0,0
Anthony Gordon,MFFW,Everton,20,"£10,000.00 ",35,2285,4,0,44,1.73,62,36,596,58,36,8,30,69,166,27.7,0.2,14,1154,44,86,5020,2871,48,704,0,0,0,0,0
Demarai Gray,MFFW,Everton,25,"£44,231.00 ",34,2338,3,0,65,2.5,33,19,339,38,16,15,14,45,142,10.2,0.23,9,1107,47,86,5573,3062,50,733,0,0,0,0,0
Sam Greenwood,MFFW,Leeds United,19,"£1,346.00 ",7,237,0,0,4,1.52,8,2,73,2,2,3,7,1,24,33.3,0.76,0,111,1,2,343,129,1,62,0,0,0,0,0
Joelinton,MFFW,Newcastle Utd,24,"£80,000.00 ",35,2558,8,0,46,1.62,72,44,610,67,48,47,79,48,241,49.8,0.21,24,1399,33,66,4543,2524,69,868,3,0,3,0,0
Dejan Kulusevski,MFFW,Tottenham,21,"£110,000.00 ",18,1261,3,0,26,1.86,20,16,310,11,26,1,25,18,90,27.8,1,6,634,28,56,2589,1482,27,452,0,0,0,0,0
Manuel Lanzini,MFFW,West Ham,28,"£70,000.00 ",30,1786,2,0,13,0.66,25,18,373,22,28,7,18,24,187,25.9,0.5,27,1379,17,27,4878,2278,21,1013,0,0,0,0,0
Alexis Mac Allister,MFFW,Brighton,22,"£30,769.00 ",33,2123,4,0,57,2.42,73,51,565,45,24,20,38,47,245,49.1,0.17,14,1405,18,39,4018,2038,30,882,0,0,0,0,0
James Maddison,MFFW,Leicester City,24,"£110,000.00 ",35,2459,3,0,73,2.67,45,24,498,27,20,10,26,80,134,19.4,0.7,26,1382,36,61,4919,2582,31,988,1,1,0,0,0
Jakub Moder,MFFW,Brighton,22,"£10,000.00 ",28,1701,1,0,28,1.48,42,29,361,31,22,26,23,11,146,35.9,0.21,0,1051,14,34,3382,1668,28,720,1,0,0,1,0
Mason Mount,MFFW,Chelsea,22,"£88,462.00 ",32,2363,4,0,75,2.86,43,29,528,23,20,11,37,29,145,22,0.57,6,1576,22,46,5821,3276,44,1187,2,1,1,0,0
Enock Mwepu,MFFW,Brighton,23,"£30,769.00 ",18,996,2,0,19,1.72,25,14,223,24,16,20,24,17,104,28.6,0.63,10,558,12,21,1781,998,15,347,4,1,2,1,0
Alex Oxlade-Chamberlain,MFFW,Liverpool,27,"£120,000.00 ",17,785,0,0,21,2.41,17,14,172,11,8,7,12,7,65,29.4,0.11,0,503,10,15,2088,1234,18,371,1,0,0,1,0
Ayoze Perez,MFFW,Leicester City,28,"£45,000.00 ",14,445,0,1,11,2.22,8,6,128,11,9,3,8,12,30,33.3,0.4,0,244,8,16,719,430,16,169,0,0,0,0,0
Paul Pogba,MFFW,Manchester Utd,28,"£290,000.00 ",20,1349,7,1,32,2.13,20,13,264,16,19,25,45,39,126,60,0.73,36,1086,40,52,3509,2109,34,851,1,0,0,1,0
Christian Pulisic,MFFW,Chelsea,22,"£150,000.00 ",22,1290,2,0,28,1.95,18,9,294,18,11,9,14,35,79,31.3,0.14,0,681,20,47,2861,1561,31,511,3,1,0,1,1
Nathan Redmond,MFFW,Southampton,27,"£60,000.00 ",27,1833,0,0,25,1.23,20,13,364,34,21,18,17,20,142,25.4,0.39,13,916,22,39,3883,2168,19,624,0,0,0,0,0
Tyler Roberts,MFFW,Leeds United,22,"£3,462.00 ",23,987,5,0,30,2.74,17,7,169,10,7,8,19,25,63,27.8,0.09,25,435,9,22,1778,815,13,300,1,0,0,1,0
Rodrigo,MFFW,Leeds United,30,"£57,692.00 ",31,2265,9,0,48,1.91,26,18,417,15,19,27,27,32,139,36.7,0.16,5,1177,15,40,3884,1744,33,867,1,0,0,1,0
Jeffrey Schlupp,MFFW,Crystal Palace,28,"£55,962.00 ",32,1851,1,0,33,1.6,49,23,382,50,25,33,32,28,181,53.9,0.24,37,972,27,49,2959,1483,33,595,0,0,0,0,0
Ken Sema,MFFW,Watford,27,"£15,000.00 ",18,852,1,0,3,0.32,12,8,194,15,9,18,19,9,63,31.3,0,19,322,14,27,993,518,25,181,0,0,0,0,0
Bernardo Silva,MFFW,Manchester City,26,"£150,000.00 ",35,2857,6,0,47,1.48,52,33,480,33,32,26,36,37,214,42.4,0.41,2,2244,51,88,10272,5886,34,1770,1,1,0,0,0
Emile Smith Rowe,MFFW,Arsenal,21,"£20,000.00 ",33,1921,1,0,40,1.87,20,16,256,15,20,13,7,30,144,28.6,0.28,12,1037,32,50,4219,2657,37,765,0,0,0,0,0
Crysencio Summerville,MFFW,Leeds United,19,"£5,769.00 ",6,130,0,0,2,1.38,6,4,22,2,5,0,1,2,16,16.7,0,5,93,3,6,388,173,5,61,0,0,0,0,0
Nathan Tella,MFFW,Southampton,22,"£12,500.00 ",14,804,2,0,12,1.34,12,5,269,18,19,7,21,23,78,22.9,0.34,16,354,11,33,1405,824,25,203,2,0,0,1,1
Bertrand Traore,MFFW,Aston Villa,25,"£77,885.00 ",9,220,0,0,8,3.27,2,0,27,0,0,1,0,4,18,41.7,0.82,0,125,10,21,632,276,2,96,2,0,0,1,1
Theo Walcott,MFFW,Southampton,32,"£75,000.00 ",9,379,0,0,6,1.42,5,3,79,5,7,2,2,6,21,42.9,0.24,19,130,1,2,363,153,3,85,0,0,0,0,0